schema_version,preset,cohort,dataset_key,database_name,dataset,task,canonical_name,model_class,module,selection,seed,status,error_message,n_train,n_test,n_features,rmsep,audit_oracle_rmse,audit_oracle_head,audit_oracle_param,r2,score_metric,score_value,lower_is_better,fit_time_s,predict_time_s,screen_complete,n_remaining_stage_chunks_total,n_screen_candidates_total,n_screen_split_head_chunks,n_screen_chunk_score_calls,n_ridge_moment_cv_fits,n_ridge_moment_eigen_path_preparations,n_ridge_moment_eigen_path_cv_fits,n_ridge_moment_direct_cv_fits,n_ridge_moment_score_batch_calls,n_ridge_moment_score_batch_jobs,n_refit_candidates,n_screen_pls_moment_cv_fits,n_screen_pls_moment_host_cv_fits,n_screen_pls_moment_cuda_device_cv_fits,n_screen_pls_moment_cuda_parallel_fold_batches,n_screen_pls_moment_cuda_parallel_fold_jobs,n_screen_pls_moment_cuda_many_batched_batches,n_screen_pls_moment_cuda_many_batched_jobs,n_screen_pls_moment_score_batch_calls,n_screen_pls_moment_score_batch_jobs,n_refit_pls_moment_cv_fits,n_refit_pls_moment_host_cv_fits,n_refit_pls_moment_cuda_device_cv_fits,n_refit_pls_moment_cuda_parallel_fold_batches,n_refit_pls_moment_cuda_parallel_fold_jobs,n_refit_pls_moment_cuda_many_batched_batches,n_refit_pls_moment_cuda_many_batched_jobs,n_refit_pls_moment_score_batch_calls,n_refit_pls_moment_score_batch_jobs,selected_head,selected_param,selected_campaign_stage,best_refit_cv_rmse,best_screen_cv_rmse,best_cv_rank,best_screen_rank,rank_spearman,impact_best_score,selection_uses_test_set,plan,stages_json,heads,max_chains,chain_chunk_size,top_k,refit_top_k,refit_per_head_top_k,moment_policy,pls_score_mode,split_head_scoring,scale_x,scale_x_values,selected_model_config_id,cuda_pls_parallel_folds,cuda_pls_min_device_features,cuda_pls_many_batched,backend_min_cuda_product,checkpoint_dir,library_path,abi,started_at,ended_at,notes
0.1.0,aom_staged_real_cohort,all57_cohort.csv,ALPINE/ALPINE_P_291_KS,ALPINE,ALPINE_P_291_KS,regression,N4M-AOM-staged-chain-campaign,aom_staged_chain_campaign,n4m,exact_cv_refit_train_only,0,ok,,247,44,2151,0.058634321455039995,0.05493340108948686,ridge,10.0,0.663242088701041,rmsep,0.058634321455039995,True,21.901747059018817,0.0,True,0,120,4,8,0,0,0,0,0,0,8,120,0,120,0,0,24,120,0,0,20,0,20,0,0,4,20,0,0,ridge,1.0,compact,0.07971974572486654,0.07971974572486654,1,1,1.0,0.07971974572486654,False,compact,,"ridge,pls",12,6,12,6,2,auto,cv,auto,True,"false,true",1,True,1,True,1,benchmarks/cross_binding/aom_staged_full57_20260608_ckpt/ALPINE_ALPINE_P_291_KS,build/cuda-on/cpp/src/libn4m.so,1.22.0,2026-06-08T07:22:06.482702+00:00,2026-06-08T07:22:28.384500+00:00,data_path=/home/delete/nirs4all/nirs4all-data/regression/ALPINE/ALPINE_P_291_KS; audit_oracle_is_test_rank_only
0.1.0,aom_staged_real_cohort,all57_cohort.csv,AMYLOSE/Rice_Amylose_313_YbasedSplit,AMYLOSE,Rice_Amylose_313_YbasedSplit,regression,N4M-AOM-staged-chain-campaign,aom_staged_chain_campaign,n4m,exact_cv_refit_train_only,0,ok,,203,110,1154,2.595386288927746,2.436351432771195,ridge,1.0,0.7538951735162692,rmsep,2.595386288927746,True,7.455601033987477,0.0,True,0,120,4,8,0,0,0,0,0,0,7,120,0,120,0,0,24,120,0,0,20,0,20,0,0,4,20,0,0,ridge,10.0,compact,3.920863292947774,3.920863292947774,1,1,1.0,3.920863292947774,False,compact,,"ridge,pls",12,6,12,6,2,auto,cv,auto,True,"false,true",1,True,1,True,1,benchmarks/cross_binding/aom_staged_full57_20260608_ckpt/AMYLOSE_Rice_Amylose_313_YbasedSplit,build/cuda-on/cpp/src/libn4m.so,1.22.0,2026-06-08T07:22:28.387150+00:00,2026-06-08T07:22:35.842793+00:00,data_path=/home/delete/nirs4all/nirs4all-data/regression/AMYLOSE/Rice_Amylose_313_YbasedSplit; audit_oracle_is_test_rank_only
0.1.0,aom_staged_real_cohort,all57_cohort.csv,BEEFMARBLING/Beef_Marbling_RandomSplit,BEEFMARBLING,Beef_Marbling_RandomSplit,regression,N4M-AOM-staged-chain-campaign,aom_staged_chain_campaign,n4m,exact_cv_refit_train_only,0,ok,,554,278,331,73.45472692579786,72.49217755598842,ridge,10.0,0.4529743045735083,rmsep,73.45472692579786,True,13.296038834028877,0.0,True,0,120,4,8,360,120,145,215,4,360,8,120,0,120,0,0,4,120,4,120,20,0,20,0,0,2,20,0,0,ridge,10.0,compact,72.09612491682333,72.09612491682333,1,1,1.0,72.09612491682333,False,compact,,"ridge,pls",12,6,12,6,2,auto,cv,auto,True,"false,true",1,True,1,True,1,benchmarks/cross_binding/aom_staged_full57_20260608_ckpt/BEEFMARBLING_Beef_Marbling_RandomSplit,build/cuda-on/cpp/src/libn4m.so,1.22.0,2026-06-08T07:22:35.844842+00:00,2026-06-08T07:22:49.140926+00:00,data_path=/home/delete/nirs4all/nirs4all-data/regression/BEEFMARBLING/Beef_Marbling_RandomSplit; audit_oracle_is_test_rank_only
0.1.0,aom_staged_real_cohort,all57_cohort.csv,BEER/Beer_OriginalExtract_60_KS,BEER,Beer_OriginalExtract_60_KS,regression,N4M-AOM-staged-chain-campaign,aom_staged_chain_campaign,n4m,exact_cv_refit_train_only,0,ok,,40,20,576,0.23341135177327954,0.21934439727041835,pls,2.0,0.9787097548707352,rmsep,0.23341135177327954,True,3.0133428599801846,0.0,True,0,120,4,8,0,0,0,0,0,0,7,120,0,120,0,0,4,120,4,120,35,0,35,0,0,2,35,0,0,ridge,0.1,compact,0.25312791206552604,0.25312791206552604,1,1,1.0,0.25312791206552604,False,compact,,"ridge,pls",12,6,12,6,2,auto,cv,auto,True,"false,true",1,True,1,True,1,benchmarks/cross_binding/aom_staged_full57_20260608_ckpt/BEER_Beer_OriginalExtract_60_KS,build/cuda-on/cpp/src/libn4m.so,1.22.0,2026-06-08T07:22:49.143703+00:00,2026-06-08T07:22:52.157092+00:00,data_path=/home/delete/nirs4all/nirs4all-data/regression/BEER/Beer_OriginalExtract_60_KS; audit_oracle_is_test_rank_only
0.1.0,aom_staged_real_cohort,all57_cohort.csv,BEER/Beer_OriginalExtract_60_YbaseSplit,BEER,Beer_OriginalExtract_60_YbaseSplit,regression,N4M-AOM-staged-chain-campaign,aom_staged_chain_campaign,n4m,exact_cv_refit_train_only,0,ok,,40,20,576,0.2526633545616502,0.2292843240035996,pls,2.0,0.9892825444894245,rmsep,0.2526633545616502,True,3.0963417039602064,0.0,True,0,120,4,8,0,0,0,0,0,0,7,120,0,120,0,0,4,120,4,120,35,0,35,0,0,2,35,0,0,ridge,0.1,compact,0.3478374891061609,0.3478374891061609,1,1,1.0,0.3478374891061609,False,compact,,"ridge,pls",12,6,12,6,2,auto,cv,auto,True,"false,true",1,True,1,True,1,benchmarks/cross_binding/aom_staged_full57_20260608_ckpt/BEER_Beer_OriginalExtract_60_YbaseSplit,build/cuda-on/cpp/src/libn4m.so,1.22.0,2026-06-08T07:22:52.158437+00:00,2026-06-08T07:22:55.254823+00:00,data_path=/home/delete/nirs4all/nirs4all-data/regression/BEER/Beer_OriginalExtract_60_YbaseSplit; audit_oracle_is_test_rank_only
0.1.0,aom_staged_real_cohort,all57_cohort.csv,BERRY/brix_groupSampleID_stratDateVar_balRows,BERRY,brix_groupSampleID_stratDateVar_balRows,regression,N4M-AOM-staged-chain-campaign,aom_staged_chain_campaign,n4m,exact_cv_refit_train_only,0,ok,,1434,699,2101,4.022444560170327,3.581127476761598,ridge,0.1,0.4583302538368714,rmsep,4.022444560170327,True,1211.7296600000118,0.0,True,0,120,4,8,0,0,0,0,0,0,6,120,0,120,0,0,24,120,0,0,20,0,20,0,0,4,20,0,0,pls,2.0,compact,4.223402083016698,4.223402083016698,1,1,1.0,4.223402083016698,False,compact,,"ridge,pls",12,6,12,6,2,auto,cv,auto,True,"false,true",1,True,1,True,1,benchmarks/cross_binding/aom_staged_full57_20260608_ckpt/BERRY_brix_groupSampleID_stratDateVar_balRows,build/cuda-on/cpp/src/libn4m.so,1.22.0,2026-06-08T07:22:55.256202+00:00,2026-06-08T07:43:06.985937+00:00,data_path=/home/delete/nirs4all/nirs4all-data/regression/BERRY/brix_groupSampleID_stratDateVar_balRows; audit_oracle_is_test_rank_only
0.1.0,aom_staged_real_cohort,all57_cohort.csv,BERRY/ph_groupSampleID_stratDateVar_balRows,BERRY,ph_groupSampleID_stratDateVar_balRows,regression,N4M-AOM-staged-chain-campaign,aom_staged_chain_campaign,n4m,exact_cv_refit_train_only,0,ok,,912,489,2101,0.33107650112104936,0.3227866849025116,ridge,0.1,0.4843010811741446,rmsep,0.33107650112104936,True,172.6501360629918,0.0,True,0,120,4,8,0,0,0,0,0,0,8,120,0,120,0,0,24,120,0,0,20,0,20,0,0,4,20,0,0,ridge,10.0,compact,0.3095468716484786,0.3095468716484786,1,1,1.0,0.3095468716484786,False,compact,,"ridge,pls",12,6,12,6,2,auto,cv,auto,False,"false,true",0,True,1,True,1,benchmarks/cross_binding/aom_staged_full57_20260608_ckpt/BERRY_ph_groupSampleID_stratDateVar_balRows,build/cuda-on/cpp/src/libn4m.so,1.22.0,2026-06-08T07:43:07.003045+00:00,2026-06-08T07:45:59.653251+00:00,data_path=/home/delete/nirs4all/nirs4all-data/regression/BERRY/ph_groupSampleID_stratDateVar_balRows; audit_oracle_is_test_rank_only
0.1.0,aom_staged_real_cohort,all57_cohort.csv,BERRY/ta_groupSampleID_stratDateVar_balRows,BERRY,ta_groupSampleID_stratDateVar_balRows,regression,N4M-AOM-staged-chain-campaign,aom_staged_chain_campaign,n4m,exact_cv_refit_train_only,0,ok,,912,489,2101,1.8898947576149947,1.8898947576149947,pls,2.0,0.403977442349715,rmsep,1.8898947576149947,True,188.24577541602775,0.0,True,0,120,4,8,0,0,0,0,0,0,6,120,0,120,0,0,24,120,0,0,25,0,25,0,0,5,25,0,0,pls,2.0,compact,1.916158998263668,1.916158998263668,1,1,1.0,1.916158998263668,False,compact,,"ridge,pls",12,6,12,6,2,auto,cv,auto,True,"false,true",1,True,1,True,1,benchmarks/cross_binding/aom_staged_full57_20260608_ckpt/BERRY_ta_groupSampleID_stratDateVar_balRows,build/cuda-on/cpp/src/libn4m.so,1.22.0,2026-06-08T07:45:59.659136+00:00,2026-06-08T07:49:07.904965+00:00,data_path=/home/delete/nirs4all/nirs4all-data/regression/BERRY/ta_groupSampleID_stratDateVar_balRows; audit_oracle_is_test_rank_only
0.1.0,aom_staged_real_cohort,all57_cohort.csv,BISCUIT/Biscuit_Fat_40_RandomSplit,BISCUIT,Biscuit_Fat_40_RandomSplit,regression,N4M-AOM-staged-chain-campaign,aom_staged_chain_campaign,n4m,exact_cv_refit_train_only,0,ok,,40,32,700,0.3992705229357914,0.1921647102743068,ridge,10.0,0.9592714823888728,rmsep,0.3992705229357914,True,5.743348182004411,0.0,True,0,120,4,8,0,0,0,0,0,0,8,120,0,120,0,0,4,120,4,120,20,0,20,0,0,2,20,0,0,ridge,10.0,compact,0.5488001276863569,0.5488001276863569,1,1,1.0,0.5488001276863569,False,compact,,"ridge,pls",12,6,12,6,2,auto,cv,auto,True,"false,true",1,True,1,True,1,benchmarks/cross_binding/aom_staged_full57_20260608_ckpt/BISCUIT_Biscuit_Fat_40_RandomSplit,build/cuda-on/cpp/src/libn4m.so,1.22.0,2026-06-08T07:49:07.916799+00:00,2026-06-08T07:49:13.660250+00:00,data_path=/home/delete/nirs4all/nirs4all-data/regression/BISCUIT/Biscuit_Fat_40_RandomSplit; audit_oracle_is_test_rank_only
0.1.0,aom_staged_real_cohort,all57_cohort.csv,BISCUIT/Biscuit_Sucrose_40_RandomSplit,BISCUIT,Biscuit_Sucrose_40_RandomSplit,regression,N4M-AOM-staged-chain-campaign,aom_staged_chain_campaign,n4m,exact_cv_refit_train_only,0,ok,,40,32,700,1.2820088720631908,0.8017862697380791,ridge,10.0,0.8915801895858768,rmsep,1.2820088720631908,True,7.461356595042162,0.0,True,0,120,4,8,0,0,0,0,0,0,8,120,0,120,0,0,4,120,4,120,40,0,40,0,0,2,40,0,0,pls,2.0,compact,1.8361493498764954,1.8361493498764954,1,1,1.0,1.8361493498764954,False,compact,,"ridge,pls",12,6,12,6,2,auto,cv,auto,True,"false,true",1,True,1,True,1,benchmarks/cross_binding/aom_staged_full57_20260608_ckpt/BISCUIT_Biscuit_Sucrose_40_RandomSplit,build/cuda-on/cpp/src/libn4m.so,1.22.0,2026-06-08T07:49:13.666004+00:00,2026-06-08T07:49:21.127422+00:00,data_path=/home/delete/nirs4all/nirs4all-data/regression/BISCUIT/Biscuit_Sucrose_40_RandomSplit; audit_oracle_is_test_rank_only
0.1.0,aom_staged_real_cohort,all57_cohort.csv,COLZA/C_woOutlier,COLZA,C_woOutlier,regression,N4M-AOM-staged-chain-campaign,aom_staged_chain_campaign,n4m,exact_cv_refit_train_only,0,ok,,1210,1209,1154,1.914771220113412,1.6533242326964093,ridge,10.0,0.5314315959249982,rmsep,1.914771220113412,True,618.4107205780456,0.0,True,0,120,4,8,0,0,0,0,0,0,8,120,0,120,0,0,24,120,0,0,15,0,15,0,0,3,15,0,0,ridge,0.1,compact,1.5524989104295919,1.5524989104295919,1,1,1.0,1.5524989104295919,False,compact,,"ridge,pls",12,6,12,6,2,auto,cv,auto,True,"false,true",1,True,1,True,1,benchmarks/cross_binding/aom_staged_full57_20260608_ckpt/COLZA_C_woOutlier,build/cuda-on/cpp/src/libn4m.so,1.22.0,2026-06-08T07:49:21.131750+00:00,2026-06-08T07:59:39.542538+00:00,data_path=/home/delete/nirs4all/nirs4all-data/regression/COLZA/C_woOutlier; audit_oracle_is_test_rank_only
0.1.0,aom_staged_real_cohort,all57_cohort.csv,COLZA/N_wOutlier,COLZA,N_wOutlier,regression,N4M-AOM-staged-chain-campaign,aom_staged_chain_campaign,n4m,exact_cv_refit_train_only,0,ok,,1220,1207,1154,0.3503659616901795,0.3497847657346008,ridge,1.0,0.9430659777061403,rmsep,0.3503659616901795,True,588.7986330619897,0.0,True,0,120,4,8,0,0,0,0,0,0,8,120,0,120,0,0,24,120,0,0,20,0,20,0,0,4,20,0,0,ridge,1.0,compact,0.46284114539748883,0.46284114539748883,1,1,1.0,0.46284114539748883,False,compact,,"ridge,pls",12,6,12,6,2,auto,cv,auto,True,"false,true",1,True,1,True,1,benchmarks/cross_binding/aom_staged_full57_20260608_ckpt/COLZA_N_wOutlier,build/cuda-on/cpp/src/libn4m.so,1.22.0,2026-06-08T07:59:39.550466+00:00,2026-06-08T08:09:28.349173+00:00,data_path=/home/delete/nirs4all/nirs4all-data/regression/COLZA/N_wOutlier; audit_oracle_is_test_rank_only
0.1.0,aom_staged_real_cohort,all57_cohort.csv,COLZA/N_woOutlier,COLZA,N_woOutlier,regression,N4M-AOM-staged-chain-campaign,aom_staged_chain_campaign,n4m,exact_cv_refit_train_only,0,ok,,1205,1207,1154,0.28606049740888617,0.2775195690327787,ridge,10.0,0.9620471992033769,rmsep,0.28606049740888617,True,459.45267401100136,0.0,True,0,120,4,8,0,0,0,0,0,0,8,120,0,120,0,0,24,120,0,0,20,0,20,0,0,4,20,0,0,ridge,0.1,compact,0.35266888341807523,0.35266888341807523,1,1,1.0,0.35266888341807523,False,compact,,"ridge,pls",12,6,12,6,2,auto,cv,auto,True,"false,true",1,True,1,True,1,benchmarks/cross_binding/aom_staged_full57_20260608_ckpt/COLZA_N_woOutlier,build/cuda-on/cpp/src/libn4m.so,1.22.0,2026-06-08T08:09:28.360173+00:00,2026-06-08T08:17:07.821179+00:00,data_path=/home/delete/nirs4all/nirs4all-data/regression/COLZA/N_woOutlier; audit_oracle_is_test_rank_only
0.1.0,aom_staged_real_cohort,all57_cohort.csv,CORN/Corn_Oil_80_ZhengChenPelegYbaseSplit,CORN,Corn_Oil_80_ZhengChenPelegYbaseSplit,regression,N4M-AOM-staged-chain-campaign,aom_staged_chain_campaign,n4m,exact_cv_refit_train_only,0,ok,,64,16,700,0.019416993601051327,0.019416993601051327,ridge,0.1,0.9875269395813543,rmsep,0.019416993601051327,True,10.772929719998501,0.0,True,0,120,4,8,0,0,0,0,0,0,8,120,0,120,0,0,4,120,4,120,40,0,40,0,0,2,40,0,0,ridge,0.1,compact,0.02511547453821252,0.02511547453821252,1,1,1.0,0.02511547453821252,False,compact,,"ridge,pls",12,6,12,6,2,auto,cv,auto,True,"false,true",1,True,1,True,1,benchmarks/cross_binding/aom_staged_full57_20260608_ckpt/CORN_Corn_Oil_80_ZhengChenPelegYbaseSplit,build/cuda-on/cpp/src/libn4m.so,1.22.0,2026-06-08T08:17:07.851821+00:00,2026-06-08T08:17:18.624809+00:00,data_path=/home/delete/nirs4all/nirs4all-data/regression/CORN/Corn_Oil_80_ZhengChenPelegYbaseSplit; audit_oracle_is_test_rank_only
0.1.0,aom_staged_real_cohort,all57_cohort.csv,CORN/Corn_Starch_80_ZhengChenPelegYbaseSplit,CORN,Corn_Starch_80_ZhengChenPelegYbaseSplit,regression,N4M-AOM-staged-chain-campaign,aom_staged_chain_campaign,n4m,exact_cv_refit_train_only,0,ok,,64,16,700,0.08492104995072142,0.08492104995072142,ridge,0.1,0.9886520398141957,rmsep,0.08492104995072142,True,7.541436179017182,0.0,True,0,120,4,8,0,0,0,0,0,0,8,120,0,120,0,0,4,120,4,120,40,0,40,0,0,2,40,0,0,ridge,0.1,compact,0.09078198370041657,0.09078198370041657,1,1,1.0,0.09078198370041657,False,compact,,"ridge,pls",12,6,12,6,2,auto,cv,auto,True,"false,true",1,True,1,True,1,benchmarks/cross_binding/aom_staged_full57_20260608_ckpt/CORN_Corn_Starch_80_ZhengChenPelegYbaseSplit,build/cuda-on/cpp/src/libn4m.so,1.22.0,2026-06-08T08:17:18.627000+00:00,2026-06-08T08:17:26.168487+00:00,data_path=/home/delete/nirs4all/nirs4all-data/regression/CORN/Corn_Starch_80_ZhengChenPelegYbaseSplit; audit_oracle_is_test_rank_only
0.1.0,aom_staged_real_cohort,all57_cohort.csv,DIESEL/DIESEL_bp50_246_b-a,DIESEL,DIESEL_bp50_246_b-a,regression,N4M-AOM-staged-chain-campaign,aom_staged_chain_campaign,n4m,exact_cv_refit_train_only,0,ok,,113,113,401,3.379018650442519,3.307961013806453,ridge,1.0,0.9485595073437416,rmsep,3.379018650442519,True,3.0928411060012877,0.0,True,0,120,4,8,0,0,0,0,0,0,8,120,0,120,0,0,4,120,4,120,40,0,40,0,0,2,40,0,0,ridge,1.0,compact,3.08788515762756,3.08788515762756,1,1,1.0,3.08788515762756,False,compact,,"ridge,pls",12,6,12,6,2,auto,cv,auto,True,"false,true",1,True,1,True,1,benchmarks/cross_binding/aom_staged_full57_20260608_ckpt/DIESEL_DIESEL_bp50_246_b-a,build/cuda-on/cpp/src/libn4m.so,1.22.0,2026-06-08T08:17:26.170968+00:00,2026-06-08T08:17:29.263863+00:00,data_path=/home/delete/nirs4all/nirs4all-data/regression/DIESEL/DIESEL_bp50_246_b-a; audit_oracle_is_test_rank_only
0.1.0,aom_staged_real_cohort,all57_cohort.csv,DIESEL/DIESEL_bp50_246_hla-b,DIESEL,DIESEL_bp50_246_hla-b,regression,N4M-AOM-staged-chain-campaign,aom_staged_chain_campaign,n4m,exact_cv_refit_train_only,0,ok,,133,113,401,2.813216233179541,2.7072147422464132,ridge,1.0,0.9729083811277072,rmsep,2.813216233179541,True,3.6714892869931646,0.0,True,0,120,4,8,0,0,0,0,0,0,8,120,0,120,0,0,4,120,4,120,40,0,40,0,0,2,40,0,0,ridge,1.0,compact,3.9599077693924336,3.9599077693924336,1,1,1.0,3.9599077693924336,False,compact,,"ridge,pls",12,6,12,6,2,auto,cv,auto,True,"false,true",1,True,1,True,1,benchmarks/cross_binding/aom_staged_full57_20260608_ckpt/DIESEL_DIESEL_bp50_246_hla-b,build/cuda-on/cpp/src/libn4m.so,1.22.0,2026-06-08T08:17:29.272674+00:00,2026-06-08T08:17:32.944358+00:00,data_path=/home/delete/nirs4all/nirs4all-data/regression/DIESEL/DIESEL_bp50_246_hla-b; audit_oracle_is_test_rank_only
0.1.0,aom_staged_real_cohort,all57_cohort.csv,DIESEL/DIESEL_bp50_246_hlb-a,DIESEL,DIESEL_bp50_246_hlb-a,regression,N4M-AOM-staged-chain-campaign,aom_staged_chain_campaign,n4m,exact_cv_refit_train_only,0,ok,,133,113,401,3.4486346035688,3.4270085783642403,ridge,1.0,0.9464180759155849,rmsep,3.4486346035688,True,3.313612819008995,0.0,True,0,120,4,8,0,0,0,0,0,0,8,120,0,120,0,0,4,120,4,120,40,0,40,0,0,2,40,0,0,ridge,1.0,compact,3.0664038703275662,3.0664038703275662,1,1,1.0,3.0664038703275662,False,compact,,"ridge,pls",12,6,12,6,2,auto,cv,auto,True,"false,true",1,True,1,True,1,benchmarks/cross_binding/aom_staged_full57_20260608_ckpt/DIESEL_DIESEL_bp50_246_hlb-a,build/cuda-on/cpp/src/libn4m.so,1.22.0,2026-06-08T08:17:32.954522+00:00,2026-06-08T08:17:36.272236+00:00,data_path=/home/delete/nirs4all/nirs4all-data/regression/DIESEL/DIESEL_bp50_246_hlb-a; audit_oracle_is_test_rank_only
0.1.0,aom_staged_real_cohort,all57_cohort.csv,DarkResp/Rd25_CBtestSite,DarkResp,Rd25_CBtestSite,regression,N4M-AOM-staged-chain-campaign,aom_staged_chain_campaign,n4m,exact_cv_refit_train_only,0,ok,,324,146,2151,0.22276922442474592,0.22276922442474592,ridge,10.0,0.37905363186558305,rmsep,0.22276922442474592,True,60.21037886204431,0.0,True,0,120,4,8,0,0,0,0,0,0,8,120,0,120,0,0,24,120,0,0,20,0,20,0,0,4,20,0,0,ridge,10.0,compact,0.1963175680571434,0.1963175680571434,1,1,1.0,0.1963175680571434,False,compact,,"ridge,pls",12,6,12,6,2,auto,cv,auto,True,"false,true",1,True,1,True,1,benchmarks/cross_binding/aom_staged_full57_20260608_ckpt/DarkResp_Rd25_CBtestSite,build/cuda-on/cpp/src/libn4m.so,1.22.0,2026-06-08T08:17:36.280249+00:00,2026-06-08T08:18:36.490700+00:00,data_path=/home/delete/nirs4all/nirs4all-data/regression/DarkResp/Rd25_CBtestSite; audit_oracle_is_test_rank_only
0.1.0,aom_staged_real_cohort,all57_cohort.csv,DarkResp/Rd25_GTtestSite,DarkResp,Rd25_GTtestSite,regression,N4M-AOM-staged-chain-campaign,aom_staged_chain_campaign,n4m,exact_cv_refit_train_only,0,ok,,297,173,2151,0.19034899138849157,0.19034899138849157,ridge,10.0,0.35567672690898133,rmsep,0.19034899138849157,True,58.41217872296693,0.0,True,0,120,4,8,0,0,0,0,0,0,8,120,0,120,0,0,24,120,0,0,20,0,20,0,0,4,20,0,0,ridge,10.0,compact,0.22799774574218562,0.22799774574218562,1,1,1.0,0.22799774574218562,False,compact,,"ridge,pls",12,6,12,6,2,auto,cv,auto,True,"false,true",1,True,1,True,1,benchmarks/cross_binding/aom_staged_full57_20260608_ckpt/DarkResp_Rd25_GTtestSite,build/cuda-on/cpp/src/libn4m.so,1.22.0,2026-06-08T08:18:36.498291+00:00,2026-06-08T08:19:34.910548+00:00,data_path=/home/delete/nirs4all/nirs4all-data/regression/DarkResp/Rd25_GTtestSite; audit_oracle_is_test_rank_only
0.1.0,aom_staged_real_cohort,all57_cohort.csv,DarkResp/Rd25_XSBNtestSite,DarkResp,Rd25_XSBNtestSite,regression,N4M-AOM-staged-chain-campaign,aom_staged_chain_campaign,n4m,exact_cv_refit_train_only,0,ok,,319,151,2151,0.2519903152333768,0.23434820312070356,ridge,1.0,0.240876420588778,rmsep,0.2519903152333768,True,60.239496619964484,0.0,True,0,120,4,8,0,0,0,0,0,0,8,120,0,120,0,0,24,120,0,0,15,0,15,0,0,3,15,0,0,ridge,10.0,compact,0.20833869083754086,0.20833869083754086,1,1,1.0,0.20833869083754086,False,compact,,"ridge,pls",12,6,12,6,2,auto,cv,auto,True,"false,true",1,True,1,True,1,benchmarks/cross_binding/aom_staged_full57_20260608_ckpt/DarkResp_Rd25_XSBNtestSite,build/cuda-on/cpp/src/libn4m.so,1.22.0,2026-06-08T08:19:34.915579+00:00,2026-06-08T08:20:35.155136+00:00,data_path=/home/delete/nirs4all/nirs4all-data/regression/DarkResp/Rd25_XSBNtestSite; audit_oracle_is_test_rank_only
0.1.0,aom_staged_real_cohort,all57_cohort.csv,DarkResp/Rd25_spxy70,DarkResp,Rd25_spxy70,regression,N4M-AOM-staged-chain-campaign,aom_staged_chain_campaign,n4m,exact_cv_refit_train_only,0,ok,,329,141,2151,0.176680143828323,0.17298098537938808,ridge,10.0,0.5374985510687519,rmsep,0.176680143828323,True,53.333696882997174,0.0,True,0,120,4,8,0,0,0,0,0,0,8,120,0,120,0,0,24,120,0,0,20,0,20,0,0,4,20,0,0,ridge,10.0,compact,0.21434653457718733,0.21434653457718733,1,1,1.0,0.21434653457718733,False,compact,,"ridge,pls",12,6,12,6,2,auto,cv,auto,True,"false,true",1,True,1,True,1,benchmarks/cross_binding/aom_staged_full57_20260608_ckpt/DarkResp_Rd25_spxy70,build/cuda-on/cpp/src/libn4m.so,1.22.0,2026-06-08T08:20:35.162653+00:00,2026-06-08T08:21:28.496450+00:00,data_path=/home/delete/nirs4all/nirs4all-data/regression/DarkResp/Rd25_spxy70; audit_oracle_is_test_rank_only
0.1.0,aom_staged_real_cohort,all57_cohort.csv,ECOSIS_LeafTraits/Ccar_spxyG_block2deg,ECOSIS_LeafTraits,Ccar_spxyG_block2deg,regression,N4M-AOM-staged-chain-campaign,aom_staged_chain_campaign,n4m,exact_cv_refit_train_only,0,ok,,1016,3229,196,12.45241651317145,10.130650832315562,ridge,10.0,-23.091915414609296,rmsep,12.45241651317145,True,5.7352642270270735,0.0,True,0,120,4,8,360,120,360,0,4,360,8,120,0,120,0,0,4,120,4,120,35,0,35,0,0,2,35,0,0,ridge,10.0,compact,100.61900518504714,100.61900518504714,1,1,1.0,100.61900518504714,False,compact,,"ridge,pls",12,6,12,6,2,auto,cv,auto,False,"false,true",0,True,1,True,1,benchmarks/cross_binding/aom_staged_full57_20260608_ckpt/ECOSIS_LeafTraits_Ccar_spxyG_block2deg,build/cuda-on/cpp/src/libn4m.so,1.22.0,2026-06-08T08:21:28.501890+00:00,2026-06-08T08:21:34.237292+00:00,data_path=/home/delete/nirs4all/nirs4all-data/regression/ECOSIS_LeafTraits/Ccar_spxyG_block2deg; audit_oracle_is_test_rank_only
0.1.0,aom_staged_real_cohort,all57_cohort.csv,ECOSIS_LeafTraits/Chla+b_spxyG_block2deg,ECOSIS_LeafTraits,Chla+b_spxyG_block2deg,regression,N4M-AOM-staged-chain-campaign,aom_staged_chain_campaign,n4m,exact_cv_refit_train_only,0,ok,,2925,3925,196,41.398414151482235,26.246032902530157,pls,1.0,-9.831643872685317,rmsep,41.398414151482235,True,5.422231510980055,0.0,True,0,120,4,8,360,120,360,0,4,360,8,120,0,120,0,0,4,120,4,120,20,0,20,0,0,2,20,0,0,ridge,0.1,compact,63.087118309002875,63.087118309002875,1,1,1.0,63.087118309002875,False,compact,,"ridge,pls",12,6,12,6,2,auto,cv,auto,False,"false,true",0,True,1,True,1,benchmarks/cross_binding/aom_staged_full57_20260608_ckpt/ECOSIS_LeafTraits_Chla_b_spxyG_block2deg,build/cuda-on/cpp/src/libn4m.so,1.22.0,2026-06-08T08:21:34.246931+00:00,2026-06-08T08:21:39.669309+00:00,data_path=/home/delete/nirs4all/nirs4all-data/regression/ECOSIS_LeafTraits/Chla+b_spxyG_block2deg; audit_oracle_is_test_rank_only
0.1.0,aom_staged_real_cohort,all57_cohort.csv,ECOSIS_LeafTraits/Chla+b_spxyG_species,ECOSIS_LeafTraits,Chla+b_spxyG_species,regression,N4M-AOM-staged-chain-campaign,aom_staged_chain_campaign,n4m,exact_cv_refit_train_only,0,ok,,3734,3116,196,33.31235645135253,33.31235645135253,ridge,10.0,-3.629958279970988,rmsep,33.31235645135253,True,3.8923016330227256,0.0,True,0,120,4,8,360,120,348,12,4,360,8,120,0,120,0,0,4,120,4,120,40,0,40,0,0,3,40,0,0,ridge,10.0,compact,54.601936678338326,54.601936678338326,1,1,1.0,54.601936678338326,False,compact,,"ridge,pls",12,6,12,6,2,auto,cv,auto,False,"false,true",0,True,1,True,1,benchmarks/cross_binding/aom_staged_full57_20260608_ckpt/ECOSIS_LeafTraits_Chla_b_spxyG_species,build/cuda-on/cpp/src/libn4m.so,1.22.0,2026-06-08T08:21:39.672740+00:00,2026-06-08T08:21:43.565097+00:00,data_path=/home/delete/nirs4all/nirs4all-data/regression/ECOSIS_LeafTraits/Chla+b_spxyG_species; audit_oracle_is_test_rank_only
0.1.0,aom_staged_real_cohort,all57_cohort.csv,FUSARIUM/Fv_Fm_grp70_30,FUSARIUM,Fv_Fm_grp70_30,regression,N4M-AOM-staged-chain-campaign,aom_staged_chain_campaign,n4m,exact_cv_refit_train_only,0,ok,,351,167,2177,0.030382949660161154,0.030162349494200956,ridge,1.0,0.3346289406774853,rmsep,0.030382949660161154,True,27.871989063976798,0.0,True,0,120,4,8,0,0,0,0,0,0,6,120,0,120,0,0,24,120,0,0,35,0,35,0,0,7,35,0,0,ridge,1.0,compact,0.03899263060841904,0.03899263060841904,1,1,1.0,0.03899263060841904,False,compact,,"ridge,pls",12,6,12,6,2,auto,cv,auto,False,"false,true",0,True,1,True,1,benchmarks/cross_binding/aom_staged_full57_20260608_ckpt/FUSARIUM_Fv_Fm_grp70_30,build/cuda-on/cpp/src/libn4m.so,1.22.0,2026-06-08T08:21:43.569089+00:00,2026-06-08T08:22:11.441132+00:00,data_path=/home/delete/nirs4all/nirs4all-data/regression/FUSARIUM/Fv_Fm_grp70_30; audit_oracle_is_test_rank_only
0.1.0,aom_staged_real_cohort,all57_cohort.csv,GRAPEVINES/grapevine_chloride_556_KS,GRAPEVINES,grapevine_chloride_556_KS,regression,N4M-AOM-staged-chain-campaign,aom_staged_chain_campaign,n4m,exact_cv_refit_train_only,0,ok,,388,167,1023,941.7536164958317,941.7536164958317,ridge,0.1,0.6031081510177185,rmsep,941.7536164958317,True,20.59811170201283,0.0,True,0,120,4,8,0,0,0,0,0,0,8,120,0,120,0,0,4,120,4,120,20,0,20,0,0,2,20,0,0,ridge,0.1,compact,1068.1737572933603,1068.1737572933603,1,1,1.0,1068.1737572933603,False,compact,,"ridge,pls",12,6,12,6,2,auto,cv,auto,False,"false,true",0,True,1,True,1,benchmarks/cross_binding/aom_staged_full57_20260608_ckpt/GRAPEVINES_grapevine_chloride_556_KS,build/cuda-on/cpp/src/libn4m.so,1.22.0,2026-06-08T08:22:11.443771+00:00,2026-06-08T08:22:32.041941+00:00,data_path=/home/delete/nirs4all/nirs4all-data/regression/GRAPEVINES/grapevine_chloride_556_KS; audit_oracle_is_test_rank_only
0.1.0,aom_staged_real_cohort,all57_cohort.csv,GRAPEVINE_LeafTraits/An_spxyG70_30_byCultivar_ASD,GRAPEVINE_LeafTraits,An_spxyG70_30_byCultivar_ASD,regression,N4M-AOM-staged-chain-campaign,aom_staged_chain_campaign,n4m,exact_cv_refit_train_only,0,ok,,78,34,2101,4.161215813371077,3.109552959793305,pls,2.0,-0.35007477429674405,rmsep,4.161215813371077,True,26.092907743004616,0.0,True,0,120,4,8,0,0,0,0,0,0,6,120,0,120,0,0,24,120,0,0,25,0,25,0,0,5,25,0,0,ridge,10.0,compact,3.0798993336328477,3.0798993336328477,1,1,1.0,3.0798993336328477,False,compact,,"ridge,pls",12,6,12,6,2,auto,cv,auto,True,"false,true",1,True,1,True,1,benchmarks/cross_binding/aom_staged_full57_20260608_ckpt/GRAPEVINE_LeafTraits_An_spxyG70_30_byCultivar_ASD,build/cuda-on/cpp/src/libn4m.so,1.22.0,2026-06-08T08:22:32.044713+00:00,2026-06-08T08:22:58.137702+00:00,data_path=/home/delete/nirs4all/nirs4all-data/regression/GRAPEVINE_LeafTraits/An_spxyG70_30_byCultivar_ASD; audit_oracle_is_test_rank_only
0.1.0,aom_staged_real_cohort,all57_cohort.csv,GRAPEVINE_LeafTraits/An_spxyG70_30_byCultivar_MicroNIR,GRAPEVINE_LeafTraits,An_spxyG70_30_byCultivar_MicroNIR,regression,N4M-AOM-staged-chain-campaign,aom_staged_chain_campaign,n4m,exact_cv_refit_train_only,0,ok,,81,35,125,3.530696563164442,3.368199078634982,ridge,10.0,0.2448548392972716,rmsep,3.530696563164442,True,0.9789982049842365,0.0,True,0,120,4,8,360,120,150,210,4,360,8,120,0,120,0,0,4,120,4,120,20,0,20,0,0,2,20,0,0,ridge,10.0,compact,3.6327043889036603,3.6327043889036603,1,1,1.0,3.6327043889036603,False,compact,,"ridge,pls",12,6,12,6,2,auto,cv,auto,True,"false,true",1,True,1,True,1,benchmarks/cross_binding/aom_staged_full57_20260608_ckpt/GRAPEVINE_LeafTraits_An_spxyG70_30_byCultivar_MicroNIR,build/cuda-on/cpp/src/libn4m.so,1.22.0,2026-06-08T08:22:58.140567+00:00,2026-06-08T08:22:59.119611+00:00,data_path=/home/delete/nirs4all/nirs4all-data/regression/GRAPEVINE_LeafTraits/An_spxyG70_30_byCultivar_MicroNIR; audit_oracle_is_test_rank_only
0.1.0,aom_staged_real_cohort,all57_cohort.csv,GRAPEVINE_LeafTraits/An_spxyG70_30_byCultivar_MicroNIR_NeoSpectra,GRAPEVINE_LeafTraits,An_spxyG70_30_byCultivar_MicroNIR_NeoSpectra,regression,N4M-AOM-staged-chain-campaign,aom_staged_chain_campaign,n4m,exact_cv_refit_train_only,0,ok,,80,35,276,4.09479611891446,3.897472777522142,ridge,1.0,-0.015720505011320274,rmsep,4.09479611891446,True,0.7309076819801703,0.0,True,0,120,4,8,0,0,0,0,0,0,8,120,0,120,0,0,4,120,4,120,20,0,20,0,0,2,20,0,0,ridge,10.0,compact,3.272322345156544,3.272322345156544,1,1,1.0,3.272322345156544,False,compact,,"ridge,pls",12,6,12,6,2,auto,cv,auto,True,"false,true",1,True,1,True,1,benchmarks/cross_binding/aom_staged_full57_20260608_ckpt/GRAPEVINE_LeafTraits_An_spxyG70_30_byCultivar_MicroNIR_NeoSpectra,build/cuda-on/cpp/src/libn4m.so,1.22.0,2026-06-08T08:22:59.122219+00:00,2026-06-08T08:22:59.853190+00:00,data_path=/home/delete/nirs4all/nirs4all-data/regression/GRAPEVINE_LeafTraits/An_spxyG70_30_byCultivar_MicroNIR_NeoSpectra; audit_oracle_is_test_rank_only
0.1.0,aom_staged_real_cohort,all57_cohort.csv,GRAPEVINE_LeafTraits/An_spxyG70_30_byCultivar_NeoSpectra,GRAPEVINE_LeafTraits,An_spxyG70_30_byCultivar_NeoSpectra,regression,N4M-AOM-staged-chain-campaign,aom_staged_chain_campaign,n4m,exact_cv_refit_train_only,0,ok,,82,37,257,4.850602256430547,4.642527279605987,pls,2.0,-0.3003070872226621,rmsep,4.850602256430547,True,0.7588423350243829,0.0,True,0,120,4,8,0,0,0,0,0,0,8,120,0,120,0,0,4,120,4,120,20,0,20,0,0,2,20,0,0,ridge,10.0,compact,3.084211452995356,3.084211452995356,1,1,1.0,3.084211452995356,False,compact,,"ridge,pls",12,6,12,6,2,auto,cv,auto,True,"false,true",1,True,1,True,1,benchmarks/cross_binding/aom_staged_full57_20260608_ckpt/GRAPEVINE_LeafTraits_An_spxyG70_30_byCultivar_NeoSpectra,build/cuda-on/cpp/src/libn4m.so,1.22.0,2026-06-08T08:22:59.855796+00:00,2026-06-08T08:23:00.614708+00:00,data_path=/home/delete/nirs4all/nirs4all-data/regression/GRAPEVINE_LeafTraits/An_spxyG70_30_byCultivar_NeoSpectra; audit_oracle_is_test_rank_only
0.1.0,aom_staged_real_cohort,all57_cohort.csv,GRAPEVINE_LeafTraits/LMA_spxyG70_30_byCultivar_ASD,GRAPEVINE_LeafTraits,LMA_spxyG70_30_byCultivar_ASD,regression,N4M-AOM-staged-chain-campaign,aom_staged_chain_campaign,n4m,exact_cv_refit_train_only,0,ok,,1092,472,2101,0.30212223113513287,0.30063622976251014,ridge,0.1,0.9154724508102812,rmsep,0.30212223113513287,True,334.8867418069858,0.0,True,0,120,4,8,0,0,0,0,0,0,8,120,0,120,0,0,24,120,0,0,20,0,20,0,0,4,20,0,0,ridge,1.0,compact,0.28781192210862966,0.28781192210862966,1,1,1.0,0.28781192210862966,False,compact,,"ridge,pls",12,6,12,6,2,auto,cv,auto,True,"false,true",1,True,1,True,1,benchmarks/cross_binding/aom_staged_full57_20260608_ckpt/GRAPEVINE_LeafTraits_LMA_spxyG70_30_byCultivar_ASD,build/cuda-on/cpp/src/libn4m.so,1.22.0,2026-06-08T08:23:00.618320+00:00,2026-06-08T08:28:35.505251+00:00,data_path=/home/delete/nirs4all/nirs4all-data/regression/GRAPEVINE_LeafTraits/LMA_spxyG70_30_byCultivar_ASD; audit_oracle_is_test_rank_only
0.1.0,aom_staged_real_cohort,all57_cohort.csv,GRAPEVINE_LeafTraits/WUEinst_spxyG70_30_byCultivar_MicroNIR_NeoSpectra,GRAPEVINE_LeafTraits,WUEinst_spxyG70_30_byCultivar_MicroNIR_NeoSpectra,regression,N4M-AOM-staged-chain-campaign,aom_staged_chain_campaign,n4m,exact_cv_refit_train_only,0,ok,,77,35,276,1.3947062907235397,1.3947062907235397,ridge,10.0,0.3207379256579954,rmsep,1.3947062907235397,True,2.1913190509658307,0.0,True,0,120,4,8,0,0,0,0,0,0,8,120,0,120,0,0,4,120,4,120,25,0,25,0,0,2,25,0,0,ridge,10.0,compact,1.6994193149911716,1.6994193149911716,1,1,1.0,1.6994193149911716,False,compact,,"ridge,pls",12,6,12,6,2,auto,cv,auto,True,"false,true",1,True,1,True,1,benchmarks/cross_binding/aom_staged_full57_20260608_ckpt/GRAPEVINE_LeafTraits_WUEinst_spxyG70_30_byCultivar_MicroNIR_NeoSpectra,build/cuda-on/cpp/src/libn4m.so,1.22.0,2026-06-08T08:28:35.521670+00:00,2026-06-08T08:28:37.713050+00:00,data_path=/home/delete/nirs4all/nirs4all-data/regression/GRAPEVINE_LeafTraits/WUEinst_spxyG70_30_byCultivar_MicroNIR_NeoSpectra; audit_oracle_is_test_rank_only
0.1.0,aom_staged_real_cohort,all57_cohort.csv,IncombustibleMaterial/TIC_spxy70,IncombustibleMaterial,TIC_spxy70,regression,N4M-AOM-staged-chain-campaign,aom_staged_chain_campaign,n4m,exact_cv_refit_train_only,0,ok,,43,19,254,4.313384994922409,3.3802495543466,pls,2.0,0.5970034372646194,rmsep,4.313384994922409,True,8.42812120297458,0.0,True,0,120,4,8,360,120,225,135,4,360,6,120,0,120,0,0,4,120,4,120,20,0,20,0,0,2,20,0,0,ridge,10.0,compact,5.255721616907072,5.255721616907072,1,1,1.0,5.255721616907072,False,compact,,"ridge,pls",12,6,12,6,2,auto,cv,auto,True,"false,true",1,True,1,True,1,benchmarks/cross_binding/aom_staged_full57_20260608_ckpt/IncombustibleMaterial_TIC_spxy70,build/cuda-on/cpp/src/libn4m.so,1.22.0,2026-06-08T08:28:37.716217+00:00,2026-06-08T08:28:46.144415+00:00,data_path=/home/delete/nirs4all/nirs4all-data/regression/IncombustibleMaterial/TIC_spxy70; audit_oracle_is_test_rank_only
0.1.0,aom_staged_real_cohort,all57_cohort.csv,LUCAS/LUCAS_SOC_Cropland_8731_NocitaKS,LUCAS,LUCAS_SOC_Cropland_8731_NocitaKS,regression,N4M-AOM-staged-chain-campaign,aom_staged_chain_campaign,n4m,exact_cv_refit_train_only,0,skipped,property_filter:n_train_x_n_features>4000000,6111,2620,4200,,,,,,,,,,,,,,,,,,,,,,,,,,,,,,,,,,,,,,,,,,,,,,,,,,False,compact,,"ridge,pls",12,6,12,6,2,auto,cv,auto,False,"false,true",,True,1,True,1,,build/cuda-on/cpp/src/libn4m.so,1.22.0,2026-06-08T08:28:46.147639+00:00,2026-06-08T08:29:38.771660+00:00,data_path=/home/delete/nirs4all/nirs4all-data/regression/LUCAS/LUCAS_SOC_Cropland_8731_NocitaKS; property_filter_only
0.1.0,aom_staged_real_cohort,all57_cohort.csv,LUCAS/LUCAS_pH_Organic_1763_LiuRandomOrganic,LUCAS,LUCAS_pH_Organic_1763_LiuRandomOrganic,regression,N4M-AOM-staged-chain-campaign,aom_staged_chain_campaign,n4m,exact_cv_refit_train_only,0,skipped,property_filter:n_train_x_n_features>4000000,1175,588,4200,,,,,,,,,,,,,,,,,,,,,,,,,,,,,,,,,,,,,,,,,,,,,,,,,,False,compact,,"ridge,pls",12,6,12,6,2,auto,cv,auto,False,"false,true",,True,1,True,1,,build/cuda-on/cpp/src/libn4m.so,1.22.0,2026-06-08T08:29:38.778320+00:00,2026-06-08T08:29:45.446582+00:00,data_path=/home/delete/nirs4all/nirs4all-data/regression/LUCAS/LUCAS_pH_Organic_1763_LiuRandomOrganic; property_filter_only
0.1.0,aom_staged_real_cohort,all57_cohort.csv,MANURE21/All_manure_CaO_SPXY_strat_Manure_type,MANURE21,All_manure_CaO_SPXY_strat_Manure_type,regression,N4M-AOM-staged-chain-campaign,aom_staged_chain_campaign,n4m,exact_cv_refit_train_only,0,ok,,343,147,1003,7.7580618866024045,7.741598315245046,ridge,0.1,0.6015131331640802,rmsep,7.7580618866024045,True,31.9362467629835,0.0,True,0,120,4,8,0,0,0,0,0,0,8,120,0,120,0,0,4,120,4,120,20,0,20,0,0,2,20,0,0,ridge,0.1,compact,15.309663393104419,15.309663393104419,1,1,1.0,15.309663393104419,False,compact,,"ridge,pls",12,6,12,6,2,auto,cv,auto,True,"false,true",1,True,1,True,1,benchmarks/cross_binding/aom_staged_full57_20260608_ckpt/MANURE21_All_manure_CaO_SPXY_strat_Manure_type,build/cuda-on/cpp/src/libn4m.so,1.22.0,2026-06-08T08:29:45.446857+00:00,2026-06-08T08:30:17.383213+00:00,data_path=/home/delete/nirs4all/nirs4all-data/regression/MANURE21/All_manure_CaO_SPXY_strat_Manure_type; audit_oracle_is_test_rank_only
0.1.0,aom_staged_real_cohort,all57_cohort.csv,MANURE21/All_manure_K2O_SPXY_strat_Manure_type,MANURE21,All_manure_K2O_SPXY_strat_Manure_type,regression,N4M-AOM-staged-chain-campaign,aom_staged_chain_campaign,n4m,exact_cv_refit_train_only,0,ok,,343,147,1003,2.624920515193613,2.6178361137418475,ridge,0.1,0.8168758001220138,rmsep,2.624920515193613,True,30.344447102979757,0.0,True,0,120,4,8,0,0,0,0,0,0,8,120,0,120,0,0,4,120,4,120,20,0,20,0,0,2,20,0,0,ridge,0.1,compact,3.8137167234248768,3.8137167234248768,1,1,1.0,3.8137167234248768,False,compact,,"ridge,pls",12,6,12,6,2,auto,cv,auto,True,"false,true",1,True,1,True,1,benchmarks/cross_binding/aom_staged_full57_20260608_ckpt/MANURE21_All_manure_K2O_SPXY_strat_Manure_type,build/cuda-on/cpp/src/libn4m.so,1.22.0,2026-06-08T08:30:17.387372+00:00,2026-06-08T08:30:47.731876+00:00,data_path=/home/delete/nirs4all/nirs4all-data/regression/MANURE21/All_manure_K2O_SPXY_strat_Manure_type; audit_oracle_is_test_rank_only
0.1.0,aom_staged_real_cohort,all57_cohort.csv,MANURE21/All_manure_MgO_SPXY_strat_Manure_type,MANURE21,All_manure_MgO_SPXY_strat_Manure_type,regression,N4M-AOM-staged-chain-campaign,aom_staged_chain_campaign,n4m,exact_cv_refit_train_only,0,ok,,343,147,1003,0.7869023613871541,0.7784869632305811,ridge,0.1,0.8889599940682383,rmsep,0.7869023613871541,True,28.448739227023907,0.0,True,0,120,4,8,0,0,0,0,0,0,8,120,0,120,0,0,4,120,4,120,20,0,20,0,0,2,20,0,0,ridge,0.1,compact,1.3300917613296745,1.3300917613296745,1,1,1.0,1.3300917613296745,False,compact,,"ridge,pls",12,6,12,6,2,auto,cv,auto,True,"false,true",1,True,1,True,1,benchmarks/cross_binding/aom_staged_full57_20260608_ckpt/MANURE21_All_manure_MgO_SPXY_strat_Manure_type,build/cuda-on/cpp/src/libn4m.so,1.22.0,2026-06-08T08:30:47.736140+00:00,2026-06-08T08:31:16.184939+00:00,data_path=/home/delete/nirs4all/nirs4all-data/regression/MANURE21/All_manure_MgO_SPXY_strat_Manure_type; audit_oracle_is_test_rank_only
0.1.0,aom_staged_real_cohort,all57_cohort.csv,MANURE21/All_manure_P2O5_SPXY_strat_Manure_type,MANURE21,All_manure_P2O5_SPXY_strat_Manure_type,regression,N4M-AOM-staged-chain-campaign,aom_staged_chain_campaign,n4m,exact_cv_refit_train_only,0,ok,,343,147,1003,2.5416505080848246,2.5416505080848246,ridge,0.1,0.8790840832158038,rmsep,2.5416505080848246,True,33.4218668800313,0.0,True,0,120,4,8,0,0,0,0,0,0,8,120,0,120,0,0,4,120,4,120,20,0,20,0,0,2,20,0,0,ridge,0.1,compact,3.6567277444658592,3.6567277444658592,1,1,1.0,3.6567277444658592,False,compact,,"ridge,pls",12,6,12,6,2,auto,cv,auto,True,"false,true",1,True,1,True,1,benchmarks/cross_binding/aom_staged_full57_20260608_ckpt/MANURE21_All_manure_P2O5_SPXY_strat_Manure_type,build/cuda-on/cpp/src/libn4m.so,1.22.0,2026-06-08T08:31:16.188556+00:00,2026-06-08T08:31:49.610486+00:00,data_path=/home/delete/nirs4all/nirs4all-data/regression/MANURE21/All_manure_P2O5_SPXY_strat_Manure_type; audit_oracle_is_test_rank_only
0.1.0,aom_staged_real_cohort,all57_cohort.csv,MANURE21/All_manure_Total_N_SPXY_strat_Manure_type,MANURE21,All_manure_Total_N_SPXY_strat_Manure_type,regression,N4M-AOM-staged-chain-campaign,aom_staged_chain_campaign,n4m,exact_cv_refit_train_only,0,ok,,343,147,1003,1.7146160877492127,1.6509124842195513,ridge,10.0,0.9422051352739861,rmsep,1.7146160877492127,True,29.587270562013146,0.0,True,0,120,4,8,0,0,0,0,0,0,8,120,0,120,0,0,4,120,4,120,20,0,20,0,0,2,20,0,0,ridge,0.1,compact,2.4854154562988735,2.4854154562988735,1,1,1.0,2.4854154562988735,False,compact,,"ridge,pls",12,6,12,6,2,auto,cv,auto,True,"false,true",1,True,1,True,1,benchmarks/cross_binding/aom_staged_full57_20260608_ckpt/MANURE21_All_manure_Total_N_SPXY_strat_Manure_type,build/cuda-on/cpp/src/libn4m.so,1.22.0,2026-06-08T08:31:49.641147+00:00,2026-06-08T08:32:19.228489+00:00,data_path=/home/delete/nirs4all/nirs4all-data/regression/MANURE21/All_manure_Total_N_SPXY_strat_Manure_type; audit_oracle_is_test_rank_only
0.1.0,aom_staged_real_cohort,all57_cohort.csv,MILK/Milk_Fat_1224_KS,MILK,Milk_Fat_1224_KS,regression,N4M-AOM-staged-chain-campaign,aom_staged_chain_campaign,n4m,exact_cv_refit_train_only,0,ok,,181,221,255,0.09681698292636777,0.09681698292636777,ridge,0.1,0.9844928880531221,rmsep,0.09681698292636777,True,7.708669757004827,0.0,True,0,120,4,8,360,120,139,221,4,360,8,120,0,120,0,0,4,120,4,120,20,0,20,0,0,2,20,0,0,ridge,0.1,compact,0.08030139919949023,0.08030139919949023,1,1,1.0,0.08030139919949023,False,compact,,"ridge,pls",12,6,12,6,2,auto,cv,auto,True,"false,true",1,True,1,True,1,benchmarks/cross_binding/aom_staged_full57_20260608_ckpt/MILK_Milk_Fat_1224_KS,build/cuda-on/cpp/src/libn4m.so,1.22.0,2026-06-08T08:32:19.241391+00:00,2026-06-08T08:32:26.950162+00:00,data_path=/home/delete/nirs4all/nirs4all-data/regression/MILK/Milk_Fat_1224_KS; audit_oracle_is_test_rank_only
0.1.0,aom_staged_real_cohort,all57_cohort.csv,MILK/Milk_Lactose_1224_KS,MILK,Milk_Lactose_1224_KS,regression,N4M-AOM-staged-chain-campaign,aom_staged_chain_campaign,n4m,exact_cv_refit_train_only,0,ok,,856,368,255,0.05796047862825844,0.05796047862825844,ridge,0.1,0.8765080575695908,rmsep,0.05796047862825844,True,5.890022359031718,0.0,True,0,120,4,8,360,120,348,12,4,360,8,120,0,120,0,0,4,120,4,120,20,0,20,0,0,2,20,0,0,ridge,0.1,compact,0.06478015409530764,0.06478015248096218,1,1,1.0,0.06478015409530764,False,compact,,"ridge,pls",12,6,12,6,2,auto,cv,auto,True,"false,true",1,True,1,True,1,benchmarks/cross_binding/aom_staged_full57_20260608_ckpt/MILK_Milk_Lactose_1224_KS,build/cuda-on/cpp/src/libn4m.so,1.22.0,2026-06-08T08:32:26.953947+00:00,2026-06-08T08:32:32.844044+00:00,data_path=/home/delete/nirs4all/nirs4all-data/regression/MILK/Milk_Lactose_1224_KS; audit_oracle_is_test_rank_only
0.1.0,aom_staged_real_cohort,all57_cohort.csv,MILK/Milk_Urea_1224_KS,MILK,Milk_Urea_1224_KS,regression,N4M-AOM-staged-chain-campaign,aom_staged_chain_campaign,n4m,exact_cv_refit_train_only,0,ok,,856,368,255,4.1035936028256295,4.071061401849005,ridge,0.1,0.34588953276611256,rmsep,4.1035936028256295,True,5.892446634010412,0.0,True,0,120,4,8,360,120,348,12,4,360,8,120,0,120,0,0,4,120,4,120,20,0,20,0,0,2,20,0,0,ridge,0.1,compact,4.286727854105809,4.286727854105809,1,1,1.0,4.286727854105809,False,compact,,"ridge,pls",12,6,12,6,2,auto,cv,auto,True,"false,true",1,True,1,True,1,benchmarks/cross_binding/aom_staged_full57_20260608_ckpt/MILK_Milk_Urea_1224_KS,build/cuda-on/cpp/src/libn4m.so,1.22.0,2026-06-08T08:32:32.848419+00:00,2026-06-08T08:32:38.740943+00:00,data_path=/home/delete/nirs4all/nirs4all-data/regression/MILK/Milk_Urea_1224_KS; audit_oracle_is_test_rank_only
0.1.0,aom_staged_real_cohort,all57_cohort.csv,PHOSPHORUS/LP_spxyG,PHOSPHORUS,LP_spxyG,regression,N4M-AOM-staged-chain-campaign,aom_staged_chain_campaign,n4m,exact_cv_refit_train_only,0,ok,,169,88,2101,0.16876243959928583,0.13726909635639317,pls,2.0,-0.880844454795376,rmsep,0.16876243959928583,True,21.724876755964942,0.0,True,0,120,4,8,0,0,0,0,0,0,8,120,0,120,0,0,24,120,0,0,20,0,20,0,0,4,20,0,0,ridge,0.1,compact,0.0852400423869335,0.0852400423869335,1,1,1.0,0.0852400423869335,False,compact,,"ridge,pls",12,6,12,6,2,auto,cv,auto,True,"false,true",1,True,1,True,1,benchmarks/cross_binding/aom_staged_full57_20260608_ckpt/PHOSPHORUS_LP_spxyG,build/cuda-on/cpp/src/libn4m.so,1.22.0,2026-06-08T08:32:38.746648+00:00,2026-06-08T08:33:00.471642+00:00,data_path=/home/delete/nirs4all/nirs4all-data/regression/PHOSPHORUS/LP_spxyG; audit_oracle_is_test_rank_only
0.1.0,aom_staged_real_cohort,all57_cohort.csv,PHOSPHORUS/MP_spxyG,PHOSPHORUS,MP_spxyG,regression,N4M-AOM-staged-chain-campaign,aom_staged_chain_campaign,n4m,exact_cv_refit_train_only,0,ok,,169,88,2101,0.021484065273968567,0.019468980044272412,pls,1.0,-0.30096120982358077,rmsep,0.021484065273968567,True,24.269669772009365,0.0,True,0,120,4,8,0,0,0,0,0,0,8,120,0,120,0,0,24,120,0,0,20,0,20,0,0,4,20,0,0,ridge,10.0,compact,0.014702515420842397,0.014702515420842397,1,1,1.0,0.014702515420842397,False,compact,,"ridge,pls",12,6,12,6,2,auto,cv,auto,True,"false,true",1,True,1,True,1,benchmarks/cross_binding/aom_staged_full57_20260608_ckpt/PHOSPHORUS_MP_spxyG,build/cuda-on/cpp/src/libn4m.so,1.22.0,2026-06-08T08:33:00.475273+00:00,2026-06-08T08:33:24.744991+00:00,data_path=/home/delete/nirs4all/nirs4all-data/regression/PHOSPHORUS/MP_spxyG; audit_oracle_is_test_rank_only
0.1.0,aom_staged_real_cohort,all57_cohort.csv,PHOSPHORUS/NP_spxyG,PHOSPHORUS,NP_spxyG,regression,N4M-AOM-staged-chain-campaign,aom_staged_chain_campaign,n4m,exact_cv_refit_train_only,0,ok,,169,88,2101,0.10739427953262638,0.10333721156494448,pls,2.0,-0.35460429397955084,rmsep,0.10739427953262638,True,23.404728539986536,0.0,True,0,120,4,8,0,0,0,0,0,0,8,120,0,120,0,0,24,120,0,0,20,0,20,0,0,4,20,0,0,ridge,0.1,compact,0.06525408161661084,0.06525408161661084,1,1,1.0,0.06525408161661084,False,compact,,"ridge,pls",12,6,12,6,2,auto,cv,auto,True,"false,true",1,True,1,True,1,benchmarks/cross_binding/aom_staged_full57_20260608_ckpt/PHOSPHORUS_NP_spxyG,build/cuda-on/cpp/src/libn4m.so,1.22.0,2026-06-08T08:33:24.747260+00:00,2026-06-08T08:33:48.152034+00:00,data_path=/home/delete/nirs4all/nirs4all-data/regression/PHOSPHORUS/NP_spxyG; audit_oracle_is_test_rank_only
0.1.0,aom_staged_real_cohort,all57_cohort.csv,PHOSPHORUS/Pi_spxyG,PHOSPHORUS,Pi_spxyG,regression,N4M-AOM-staged-chain-campaign,aom_staged_chain_campaign,n4m,exact_cv_refit_train_only,0,ok,,169,88,2101,0.1680098614654336,0.14994083165422842,pls,2.0,-1.0818708338436265,rmsep,0.1680098614654336,True,21.692961527965963,0.0,True,0,120,4,8,0,0,0,0,0,0,8,120,0,120,0,0,24,120,0,0,20,0,20,0,0,4,20,0,0,ridge,0.1,compact,0.054948135147733175,0.054948135147733175,1,1,1.0,0.054948135147733175,False,compact,,"ridge,pls",12,6,12,6,2,auto,cv,auto,True,"false,true",1,True,1,True,1,benchmarks/cross_binding/aom_staged_full57_20260608_ckpt/PHOSPHORUS_Pi_spxyG,build/cuda-on/cpp/src/libn4m.so,1.22.0,2026-06-08T08:33:48.154526+00:00,2026-06-08T08:34:09.847530+00:00,data_path=/home/delete/nirs4all/nirs4all-data/regression/PHOSPHORUS/Pi_spxyG; audit_oracle_is_test_rank_only
0.1.0,aom_staged_real_cohort,all57_cohort.csv,PHOSPHORUS/V25_spxyG,PHOSPHORUS,V25_spxyG,regression,N4M-AOM-staged-chain-campaign,aom_staged_chain_campaign,n4m,exact_cv_refit_train_only,0,ok,,168,82,2101,0.29473651275189827,0.20468072628128944,pls,1.0,-0.5735389284582353,rmsep,0.29473651275189827,True,17.57708294002805,0.0,True,0,120,4,8,0,0,0,0,0,0,8,120,0,120,0,0,24,120,0,0,20,0,20,0,0,4,20,0,0,ridge,1.0,compact,0.22810140556890807,0.22810140556890807,1,1,1.0,0.22810140556890807,False,compact,,"ridge,pls",12,6,12,6,2,auto,cv,auto,True,"false,true",1,True,1,True,1,benchmarks/cross_binding/aom_staged_full57_20260608_ckpt/PHOSPHORUS_V25_spxyG,build/cuda-on/cpp/src/libn4m.so,1.22.0,2026-06-08T08:34:09.850097+00:00,2026-06-08T08:34:27.427253+00:00,data_path=/home/delete/nirs4all/nirs4all-data/regression/PHOSPHORUS/V25_spxyG; audit_oracle_is_test_rank_only
0.1.0,aom_staged_real_cohort,all57_cohort.csv,PLUMS/Firmness_spxy70,PLUMS,Firmness_spxy70,regression,N4M-AOM-staged-chain-campaign,aom_staged_chain_campaign,n4m,exact_cv_refit_train_only,0,ok,,28,12,600,0.3517401135986499,0.2825372686805779,ridge,0.1,-1.2248940970430615,rmsep,0.3517401135986499,True,2.2345955609926023,0.0,True,0,120,4,8,0,0,0,0,0,0,6,120,0,120,0,0,4,120,4,120,20,0,20,0,0,2,20,0,0,pls,2.0,compact,0.43192246183687455,0.43192246183687455,1,1,1.0,0.43192246183687455,False,compact,,"ridge,pls",12,6,12,6,2,auto,cv,auto,False,"false,true",0,True,1,True,1,benchmarks/cross_binding/aom_staged_full57_20260608_ckpt/PLUMS_Firmness_spxy70,build/cuda-on/cpp/src/libn4m.so,1.22.0,2026-06-08T08:34:27.429606+00:00,2026-06-08T08:34:29.664250+00:00,data_path=/home/delete/nirs4all/nirs4all-data/regression/PLUMS/Firmness_spxy70; audit_oracle_is_test_rank_only
0.1.0,aom_staged_real_cohort,all57_cohort.csv,QUARTZ/Quartz_spxy70,QUARTZ,Quartz_spxy70,regression,N4M-AOM-staged-chain-campaign,aom_staged_chain_campaign,n4m,exact_cv_refit_train_only,0,failed,"FileNotFoundError: missing split files: /home/delete/nirs4all/nirs4all-data/regression/QUARTZ/Quartz_spxy70/Xtrain.csv, /home/delete/nirs4all/nirs4all-data/regression/QUARTZ/Quartz_spxy70/Xtest.csv, /home/delete/nirs4all/nirs4all-data/regression/QUARTZ/Quartz_spxy70/Ytrain.csv, /home/delete/nirs4all/nirs4all-data/regression/QUARTZ/Quartz_spxy70/Ytest.csv",,,,,,,,,,,,,,,,,,,,,,,,,,,,,,,,,,,,,,,,,,,,,,,,,,,,,,,,,,,,,,,cv,,,,,,,,,,,,2026-06-08T08:34:29.666781+00:00,2026-06-08T08:34:29.666920+00:00,
0.1.0,aom_staged_real_cohort,all57_cohort.csv,TABLET/Escitalopramt_310_Zhao,TABLET,Escitalopramt_310_Zhao,regression,N4M-AOM-staged-chain-campaign,aom_staged_chain_campaign,n4m,exact_cv_refit_train_only,0,ok,,207,103,404,0.37538415745407433,0.3736047800849197,ridge,10.0,0.8582732162085132,rmsep,0.37538415745407433,True,2.0806497749872506,0.0,True,0,120,4,8,0,0,0,0,0,0,8,120,0,120,0,0,4,120,4,120,20,0,20,0,0,2,20,0,0,ridge,0.1,compact,0.32041946982994285,0.32041946982994285,1,1,1.0,0.32041946982994285,False,compact,,"ridge,pls",12,6,12,6,2,auto,cv,auto,True,"false,true",1,True,1,True,1,benchmarks/cross_binding/aom_staged_full57_20260608_ckpt/TABLET_Escitalopramt_310_Zhao,build/cuda-on/cpp/src/libn4m.so,1.22.0,2026-06-08T08:34:29.667041+00:00,2026-06-08T08:34:31.747734+00:00,data_path=/home/delete/nirs4all/nirs4all-data/regression/TABLET/Escitalopramt_310_Zhao; audit_oracle_is_test_rank_only
0.1.0,aom_staged_real_cohort,all57_cohort.csv,WOOD_density/WOOD_Density_402_Olale,WOOD_density,WOOD_Density_402_Olale,regression,N4M-AOM-staged-chain-campaign,aom_staged_chain_campaign,n4m,exact_cv_refit_train_only,0,ok,,216,186,1038,0.1334920250828024,0.1291804677781947,ridge,10.0,0.3423209364769384,rmsep,0.1334920250828024,True,5.2398074340308085,0.0,True,0,120,4,8,0,0,0,0,0,0,6,120,0,120,0,0,24,120,0,0,50,0,50,0,0,10,50,0,0,pls,2.0,compact,0.12181954792709072,0.12181954792709072,1,1,1.0,0.12181954792709072,False,compact,,"ridge,pls",12,6,12,6,2,auto,cv,auto,True,"false,true",1,True,1,True,1,benchmarks/cross_binding/aom_staged_full57_20260608_ckpt/WOOD_density_WOOD_Density_402_Olale,build/cuda-on/cpp/src/libn4m.so,1.22.0,2026-06-08T08:34:31.750384+00:00,2026-06-08T08:34:36.990240+00:00,data_path=/home/delete/nirs4all/nirs4all-data/regression/WOOD_density/WOOD_Density_402_Olale; audit_oracle_is_test_rank_only
0.1.0,aom_staged_real_cohort,all57_cohort.csv,WOOD_density/WOOD_N_402_Olale,WOOD_density,WOOD_N_402_Olale,regression,N4M-AOM-staged-chain-campaign,aom_staged_chain_campaign,n4m,exact_cv_refit_train_only,0,ok,,216,186,1038,0.04784775858729744,0.046653464483644984,ridge,10.0,0.47634035454003965,rmsep,0.04784775858729744,True,5.211633322993293,0.0,True,0,120,4,8,0,0,0,0,0,0,8,120,0,120,0,0,24,120,0,0,40,0,40,0,0,8,40,0,0,ridge,10.0,compact,0.04623582177979116,0.04623582177979116,1,1,1.0,0.04623582177979116,False,compact,,"ridge,pls",12,6,12,6,2,auto,cv,auto,True,"false,true",1,True,1,True,1,benchmarks/cross_binding/aom_staged_full57_20260608_ckpt/WOOD_density_WOOD_N_402_Olale,build/cuda-on/cpp/src/libn4m.so,1.22.0,2026-06-08T08:34:36.992879+00:00,2026-06-08T08:34:42.204559+00:00,data_path=/home/delete/nirs4all/nirs4all-data/regression/WOOD_density/WOOD_N_402_Olale; audit_oracle_is_test_rank_only
