id	STATS_ns	ML_ns	since_abi	pybind	flag
aom_pop.aom_chain_fixed_fit	optimization.aom	compose.aom_search	1.18.0	Y	
aom_pop.aom_chain_ridge_pls	optimization.aom	compose.aom_superblock	1.21.0	Y	
aom_pop.aom_chain_screen_refit	optimization.aom	compose.aom_campaign	1.18.0	Y	
aom_pop.aom_chain_sweep	optimization.aom	compose.aom_search	1.16.0	Y	
aom_pop.aom_pls	optimization.aom	compose.aom_search	1.0.0	Y	
aom_pop.aom_pls_superblock	optimization.aom	compose.aom_superblock	1.21.0	Y	
aom_pop.aom_preprocessing	optimization.aom	compose.aom_search	1.0.0	Y	
aom_pop.aom_ridge_pls_superblock	optimization.aom	compose.aom_superblock	1.21.0	Y	
aom_pop.aom_staged_chain_campaign	optimization.aom	compose.aom_campaign	1.21.0	Y	
aom_pop.aom_sweep	optimization.aom	compose.aom_search	1.16.0	Y	
aom_pop.operator_pls_stack	optimization.aom	compose.aom_superblock	1.18.0	Y	
aom_pop.pop_pls	optimization.aom	compose.aom_search	1.0.0	Y	
aom_pop.ridge_active_superblock	optimization.aom	compose.aom_superblock	1.21.0	Y	
aom_pop.ridge_blender	optimization.aom	compose.aom_superblock	1.17.0	Y	
aom_pop.ridge_global	optimization.aom	compose.aom_search	1.21.0	Y	
aom_pop.ridge_mkl_superblock	optimization.aom	compose.aom_superblock	1.21.0	Y	
aom_pop.ridge_superblock	optimization.aom	compose.aom_superblock	1.21.0	Y	
aom_pop.robust_hpo	optimization.aom	compose.aom_search	1.12.0	Y	
augmentation.drift.linear_drift	simulation.baseline_drift	augmentation.drift	1.0.0	-	
augmentation.drift.path_length	simulation.baseline_drift	augmentation.drift	1.0.0	-	
augmentation.drift.poly_drift	simulation.baseline_drift	augmentation.drift	1.0.0	-	
augmentation.edge_artifacts.detector_rolloff	simulation.instrument	augmentation.instrument	1.0.0	-	
augmentation.edge_artifacts.edge_artifacts	simulation.instrument	augmentation.instrument	1.0.0	-	
augmentation.edge_artifacts.edge_curvature	simulation.instrument	augmentation.instrument	1.0.0	-	
augmentation.edge_artifacts.stray_light	simulation.instrument	augmentation.instrument	1.0.0	-	
augmentation.edge_artifacts.truncated_peak	simulation.instrument	augmentation.instrument	1.0.0	-	
augmentation.environmental.moisture	simulation.instrument	augmentation.instrument	1.0.0	-	
augmentation.environmental.temperature	simulation.instrument	augmentation.instrument	1.0.0	-	
augmentation.mixup.local_mixup	simulation.mixing	augmentation.mixup	1.0.0	-	
augmentation.mixup.mixup	simulation.mixing	augmentation.mixup	1.0.0	-	
augmentation.noise.gaussian_noise	simulation.noise	augmentation.noise	1.0.0	-	
augmentation.noise.hetero_noise	simulation.noise	augmentation.noise	1.0.0	-	
augmentation.noise.multiplicative_noise	simulation.noise	augmentation.noise	1.0.0	-	
augmentation.noise.spike_noise	simulation.noise	augmentation.noise	1.0.0	-	
augmentation.random.random_x_op	simulation.mixing	augmentation.mixup	1.0.0	-	
augmentation.random.rotate_translate	simulation.mixing	augmentation.mixup	1.0.0	-	
augmentation.scattering.batch_effect	simulation.scatter	augmentation.scattering	1.0.0	-	
augmentation.scattering.dead_band	simulation.scatter	augmentation.scattering	1.0.0	-	
augmentation.scattering.emsc_distort	simulation.scatter	augmentation.scattering	1.0.0	-	
augmentation.scattering.instrument_broaden	simulation.scatter	augmentation.scattering	1.0.0	-	
augmentation.scattering.particle_size	simulation.scatter	augmentation.scattering	1.0.0	-	
augmentation.scattering.scatter_sim_msc	simulation.scatter	augmentation.scattering	1.0.0	-	
augmentation.spectral.band_mask	simulation.intensity	augmentation.spectral	1.0.0	-	
augmentation.spectral.band_perturb	simulation.intensity	augmentation.spectral	1.0.0	-	
augmentation.spectral.channel_dropout	simulation.intensity	augmentation.spectral	1.0.0	-	
augmentation.spectral.gauss_jitter	simulation.intensity	augmentation.spectral	1.0.0	-	
augmentation.spectral.local_clip	simulation.intensity	augmentation.spectral	1.0.0	-	
augmentation.spectral.magnitude_warp	simulation.intensity	augmentation.spectral	1.0.0	-	
augmentation.spectral.unsharp_mask	simulation.intensity	augmentation.spectral	1.0.0	-	
augmentation.splines.spline_curve_simplification	simulation.intensity	augmentation.splines	1.0.0	-	
augmentation.splines.spline_smoothing	simulation.intensity	augmentation.splines	1.0.0	-	
augmentation.splines.spline_x_perturbations	simulation.intensity	augmentation.splines	1.0.0	-	
augmentation.splines.spline_x_simplification	simulation.intensity	augmentation.splines	1.0.0	-	
augmentation.splines.spline_y_perturbations	simulation.intensity	augmentation.splines	1.0.0	-	
augmentation.wavelength.local_warp	simulation.wavelength	augmentation.wavelength	1.0.0	-	
augmentation.wavelength.wavelength_shift	simulation.wavelength	augmentation.wavelength	1.0.0	-	
augmentation.wavelength.wavelength_stretch	simulation.wavelength	augmentation.wavelength	1.0.0	-	
diagnostics.approximate_press	validation	metrics.scoring	1.0.0	-	
diagnostics.model_selection	validation	metrics.scoring	1.0.0	-	
diagnostics.pls_diagnostics	validation	metrics.diagnostics	1.0.0	-	
diagnostics.pls_monitoring	validation	metrics.diagnostics	1.0.0	-	
diagnostics.regression_metrics	validation	metrics.scoring	1.0.0	-	
filters.composite	outliers	outlier_detection	1.0.0	-	
filters.correlation	outliers	feature_selection.filter	1.0.0	-	filter-method feature selection (also an outlier/quality lineage)
filters.high_leverage	outliers	outlier_detection	1.0.0	-	
filters.spectral_quality	outliers	outlier_detection	1.0.0	-	
filters.variance	outliers	feature_selection.filter	1.0.0	-	filter-method feature selection
filters.x_outlier	outliers	outlier_detection	1.0.0	-	
filters.y_outlier	outliers	outlier_detection	1.0.0	-	
models.classification.pls_lda	discriminant	estimators.classification	1.0.0	-	
models.classification.pls_logistic	discriminant	estimators.classification	1.0.0	-	binary classifier via logistic head; could sit under GLM
models.classification.pls_qda	discriminant	estimators.classification	1.0.0	-	
models.ensembles.bagging_pls	regression.ensemble	ensemble	1.0.0	-	
models.ensembles.boosting_pls	regression.ensemble	ensemble	1.0.0	-	
models.ensembles.moment_stack	regression.ensemble	ensemble	1.21.0	Y	0-symbol Python-only stack (status: emerging)
models.ensembles.random_subspace_pls	regression.ensemble	ensemble	1.0.0	-	
models.heads.pls_cox	regression.glm_survival	estimators.glm_survival	1.0.0	-	survival head, not standard regression/classification
models.heads.pls_glm	regression.glm_survival	estimators.glm_survival	1.0.0	-	GLM head spans regression+classification
models.local.lw_pls	regression.latent	estimators.local	1.0.0	-	
models.multiblock.mb_pls	multiblock	estimators.multiblock	1.0.0	-	
models.multiblock.mir_pls	multiblock	estimators.multiblock	1.0.0	-	
models.multiblock.o2pls	multiblock	estimators.multiblock	1.0.0	-	
models.multiblock.on_pls	multiblock	estimators.multiblock	1.0.0	-	
models.multiblock.rosa	multiblock	estimators.multiblock	1.0.0	-	
models.multiblock.so_pls	multiblock	estimators.multiblock	1.0.0	-	
models.pls.cppls	regression.latent	estimators.regression.linear	1.0.0	Y	
models.pls.kernel	regression.latent	estimators.regression.linear	1.0.0	-	
models.pls.pcr	regression.latent	estimators.regression.linear	1.21.0	Y	
models.pls.pls_fit_simple	regression.latent	estimators.regression.linear	1.0.0	Y	
models.regularized.continuum_regression	regression.latent	estimators.regression.linear	1.0.0	Y	
models.regularized.ridge	regression.penalized	estimators.regression.linear	1.16.0	Y	
models.regularized.ridge_pls	regression.latent	estimators.regression.linear	1.0.0	Y	
models.regularized.robust_pls	regression.penalized	estimators.regression.linear	1.0.0	Y	
models.regularized.weighted_pls	regression.penalized	estimators.regression.linear	1.0.0	Y	
models.sparse.fused_sparse_pls	regression.sparse	estimators.regression.sparse	1.0.0	-	
models.sparse.group_sparse_pls	regression.sparse	estimators.regression.sparse	1.0.0	-	
models.sparse.sparse_pls_da	discriminant	estimators.classification	1.0.0	-	DA: regression-or-classification (placed in discriminant/classification)
models.sparse.sparse_simpls	regression.sparse	estimators.regression.sparse	1.0.0	-	
models.specialized.ecr	regression.latent	estimators.regression.linear	1.0.0	Y	
models.specialized.gpr_pls	regression.latent	estimators.regression.linear	1.0.0	-	
models.specialized.missing_aware_nipals	regression.latent	estimators.regression.linear	1.0.0	-	
models.specialized.recursive	regression.latent	estimators.regression.linear	1.0.0	-	
models.specialized.tensor_pls	regression.latent	estimators.regression.linear	1.0.0	-	
models.transfer.di_pls	transfer	domain_adaptation	1.0.0	-	domain-invariant PLS: estimator AND transfer
models.transfer.ds	transfer	domain_adaptation	1.0.0	-	
models.transfer.pds	transfer	domain_adaptation	1.0.0	-	
preprocessing.alignment.cow_align	preprocessing.alignment	transform.alignment	1.0.0	-	
preprocessing.alignment.dtw_align	preprocessing.alignment	transform.alignment	1.0.0	-	
preprocessing.alignment.icoshift_align	preprocessing.alignment	transform.alignment	1.0.0	-	
preprocessing.alignment.xcorr_align	preprocessing.alignment	transform.alignment	1.0.0	-	
preprocessing.baselines.airpls	preprocessing.baseline	transform.baseline	1.0.0	-	
preprocessing.baselines.arpls	preprocessing.baseline	transform.baseline	1.0.0	-	
preprocessing.baselines.asls	preprocessing.baseline	transform.baseline	1.0.0	-	
preprocessing.baselines.beads	preprocessing.baseline	transform.baseline	1.0.0	-	
preprocessing.baselines.detrend	preprocessing.baseline	transform.baseline	1.0.0	-	
preprocessing.baselines.iasls	preprocessing.baseline	transform.baseline	1.0.0	-	
preprocessing.baselines.imodpoly	preprocessing.baseline	transform.baseline	1.0.0	-	
preprocessing.baselines.modpoly	preprocessing.baseline	transform.baseline	1.0.0	-	
preprocessing.baselines.rolling_ball	preprocessing.baseline	transform.baseline	1.0.0	-	
preprocessing.baselines.saps	preprocessing.baseline	transform.baseline	1.0.0	-	
preprocessing.baselines.snip	preprocessing.baseline	transform.baseline	1.0.0	-	
preprocessing.derivatives.derivate	preprocessing.smoothing_derivative	transform.smoothing	1.0.0	-	
preprocessing.derivatives.first_derivative	preprocessing.smoothing_derivative	transform.smoothing	1.0.0	-	
preprocessing.derivatives.norris_williams	preprocessing.smoothing_derivative	transform.smoothing	1.0.0	-	
preprocessing.derivatives.savitzky_golay	preprocessing.smoothing_derivative	transform.smoothing	1.0.0	-	
preprocessing.derivatives.second_derivative	preprocessing.smoothing_derivative	transform.smoothing	1.0.0	-	
preprocessing.feature_selection.flexible_pca	decomposition	decomposition	1.0.0	-	PCA: decomposition transform, not variable selection despite the family name
preprocessing.feature_selection.flexible_svd	decomposition	decomposition	1.0.0	-	SVD: decomposition transform, not variable selection
preprocessing.orthogonalization.epo	transfer	transform.orthogonalization	1.0.0	-	EPO: preprocessing OR transfer (placed in transfer)
preprocessing.orthogonalization.osc	preprocessing.osc	transform.orthogonalization	1.0.0	-	OSC: orthogonalization shares math with EPO/O-PLS
preprocessing.resampling.crop	preprocessing.resampling	transform.resampling	1.0.0	-	
preprocessing.resampling.kbins_discretizer	preprocessing.resampling	transform.resampling	1.0.0	-	
preprocessing.resampling.range_discretizer	preprocessing.resampling	transform.resampling	1.0.0	-	
preprocessing.resampling.resample_transformer	preprocessing.resampling	transform.resampling	1.0.0	-	
preprocessing.resampling.resampler	preprocessing.resampling	transform.resampling	1.0.0	-	
preprocessing.scaling.baseline	preprocessing.scaling	transform.scaling	1.0.0	-	
preprocessing.scaling.log_transform	preprocessing.scaling	transform.scaling	1.0.0	-	
preprocessing.scaling.normalize	preprocessing.scaling	transform.scaling	1.0.0	-	
preprocessing.scaling.simple_scale	preprocessing.scaling	transform.scaling	1.0.0	-	
preprocessing.scatter.area_normalization	preprocessing.scatter	transform.scatter	1.0.0	-	
preprocessing.scatter.emsc	preprocessing.scatter	transform.scatter	1.0.0	-	
preprocessing.scatter.local_centering	preprocessing.scatter	transform.scatter	1.0.0	-	
preprocessing.scatter.local_snv	preprocessing.scatter	transform.scatter	1.0.0	-	
preprocessing.scatter.localized_msc	preprocessing.scatter	transform.scatter	1.0.0	-	
preprocessing.scatter.msc	preprocessing.scatter	transform.scatter	1.0.0	-	
preprocessing.scatter.piecewise_msc	preprocessing.scatter	transform.scatter	1.0.0	-	
preprocessing.scatter.piecewise_snv	preprocessing.scatter	transform.scatter	1.0.0	-	
preprocessing.scatter.robust_snv	preprocessing.scatter	transform.scatter	1.0.0	-	
preprocessing.scatter.snv	preprocessing.scatter	transform.scatter	1.0.0	-	
preprocessing.scatter.vsn	preprocessing.scatter	transform.scatter	1.0.0	-	
preprocessing.scatter.weighted_snv	preprocessing.scatter	transform.scatter	1.0.0	-	
preprocessing.signal_conversion.fraction_to_percent	preprocessing.signal_conversion	transform.signal_conversion	1.0.0	-	
preprocessing.signal_conversion.from_absorbance	preprocessing.signal_conversion	transform.signal_conversion	1.0.0	-	
preprocessing.signal_conversion.kubelka_munk	preprocessing.signal_conversion	transform.signal_conversion	1.0.0	-	
preprocessing.signal_conversion.percent_to_fraction	preprocessing.signal_conversion	transform.signal_conversion	1.0.0	-	
preprocessing.signal_conversion.to_absorbance	preprocessing.signal_conversion	transform.signal_conversion	1.0.0	-	
preprocessing.smoothing.gaussian	preprocessing.smoothing_derivative	transform.smoothing	1.0.0	-	
preprocessing.specialized.fck_static	preprocessing.specialized	transform.specialized	1.0.0	-	
preprocessing.transfer.direct_standardization	transfer	domain_adaptation	1.0.0	-	
preprocessing.transfer.piecewise_direct_standardization	transfer	domain_adaptation	1.0.0	-	
preprocessing.transfer.robust_direct_standardization	transfer	domain_adaptation	1.0.0	-	
preprocessing.transfer.slope_bias	transfer	domain_adaptation	1.0.0	-	
preprocessing.wavelets.haar	preprocessing.wavelet	transform.wavelet	1.0.0	-	
preprocessing.wavelets.wavelet	preprocessing.wavelet	transform.wavelet	1.0.0	-	
preprocessing.wavelets.wavelet_denoise	preprocessing.wavelet	transform.wavelet	1.0.0	-	
preprocessing.wavelets.wavelet_features	preprocessing.wavelet	transform.wavelet	1.0.0	-	
preprocessing.wavelets.wavelet_pca	preprocessing.wavelet	transform.wavelet	1.0.0	-	
preprocessing.wavelets.wavelet_svd	preprocessing.wavelet	transform.wavelet	1.0.0	-	
selection.bipls	variable_selection	feature_selection.wrapper	1.0.0	-	
selection.bve	variable_selection	feature_selection.wrapper	1.0.0	-	
selection.cars	variable_selection	feature_selection.wrapper	1.0.0	-	
selection.emcuve	variable_selection	feature_selection.wrapper	1.0.0	-	
selection.ga	variable_selection	feature_selection.wrapper	1.0.0	-	
selection.interval	variable_selection	feature_selection.interval	1.0.0	-	interval generator: transformer that also selects
selection.ipw	variable_selection	feature_selection.wrapper	1.0.0	-	
selection.irf	variable_selection	feature_selection.wrapper	1.0.0	-	
selection.iriv	variable_selection	feature_selection.wrapper	1.0.0	-	
selection.pso	variable_selection	feature_selection.wrapper	1.0.0	-	
selection.random_frog	variable_selection	feature_selection.wrapper	1.0.0	-	
selection.randomization	variable_selection	feature_selection.wrapper	1.0.0	-	
selection.rep	variable_selection	feature_selection.wrapper	1.0.0	-	
selection.scars	variable_selection	feature_selection.wrapper	1.0.0	-	
selection.shaving	variable_selection	feature_selection.wrapper	1.0.0	-	
selection.sipls	variable_selection	feature_selection.wrapper	1.0.0	-	
selection.spa	variable_selection	feature_selection.wrapper	1.0.0	-	
selection.st	variable_selection	feature_selection.wrapper	1.0.0	-	
selection.stability	variable_selection	feature_selection.wrapper	1.0.0	-	
selection.t2	variable_selection	feature_selection.wrapper	1.0.0	-	
selection.uve	variable_selection	feature_selection.wrapper	1.0.0	-	
selection.variable_select	variable_selection	feature_selection.ranking	1.0.0	-	
selection.vip_spa	variable_selection	feature_selection.wrapper	1.0.0	-	
selection.vissa	variable_selection	feature_selection.wrapper	1.0.0	-	
selection.wvc	variable_selection	feature_selection.wrapper	1.0.0	-	
splitters.binned_strat_group_kfold	resampling	model_selection.split	1.0.0	-	
splitters.kbins_stratified	resampling	model_selection.split	1.0.0	-	
splitters.kennard_stone	resampling	model_selection.split	1.0.0	-	
splitters.kmeans	resampling	model_selection.split	1.0.0	-	
splitters.split_splitter	resampling	model_selection.split	1.0.0	-	
splitters.spxy	resampling	model_selection.split	1.0.0	-	
splitters.spxy_fold	resampling	model_selection.split	1.0.0	-	
splitters.spxy_g_fold	resampling	model_selection.split	1.0.0	-	
splitters.systematic_circular	resampling	model_selection.split	1.0.0	-	
utilities.hotelling_t2	outliers	outlier_detection	1.0.0	-	
utilities.moments	validation	utils	1.16.0	Y	moment helper feeding AOM/PLS; placed in validation/utils
utilities.q_residuals	outliers	outlier_detection	1.0.0	-	
utilities.signal_type_detector	validation	utils	1.0.0	-	
utilities.sweep	validation	utils	1.16.0	Y	generic component sweep helper; placed in validation/utils
utilities.transfer_metrics	transfer	domain_adaptation	1.0.0	-	metric used inside the transfer family