old_symbol	new_symbol	method_id	role	leaf	tail
n4m_aom_chain_fixed_fit_run	n4m_model_selection_aom_chain_fixed_fit_run	aom_pop.aom_chain_fixed_fit	model_selection	aom_chain_fixed_fit	_run
n4m_aom_chain_sweep_run	n4m_model_selection_aom_chain_sweep_run	aom_pop.aom_chain_sweep	model_selection	aom_chain_sweep	_run
n4m_aom_global_result_destroy	n4m_model_selection_aom_pls_result_destroy	aom_pop.aom_pls	model_selection	aom_pls	_result_destroy
n4m_aom_global_result_get_best_score	n4m_model_selection_aom_pls_result_get_best_score	aom_pop.aom_pls	model_selection	aom_pls	_result_get_best_score
n4m_aom_global_result_get_coefficients	n4m_model_selection_aom_pls_result_get_coefficients	aom_pop.aom_pls	model_selection	aom_pls	_result_get_coefficients
n4m_aom_global_result_get_input_coefficients	n4m_model_selection_aom_pls_result_get_input_coefficients	aom_pop.aom_pls	model_selection	aom_pls	_result_get_input_coefficients
n4m_aom_global_result_get_intercept	n4m_model_selection_aom_pls_result_get_intercept	aom_pop.aom_pls	model_selection	aom_pls	_result_get_intercept
n4m_aom_global_result_get_max_components	n4m_model_selection_aom_pls_result_get_max_components	aom_pop.aom_pls	model_selection	aom_pls	_result_get_max_components
n4m_aom_global_result_get_n_operators	n4m_model_selection_aom_pls_result_get_n_operators	aom_pop.aom_pls	model_selection	aom_pls	_result_get_n_operators
n4m_aom_global_result_get_operator_kinds	n4m_model_selection_aom_pls_result_get_operator_kinds	aom_pop.aom_pls	model_selection	aom_pls	_result_get_operator_kinds
n4m_aom_global_result_get_operator_scores	n4m_model_selection_aom_pls_result_get_operator_scores	aom_pop.aom_pls	model_selection	aom_pls	_result_get_operator_scores
n4m_aom_global_result_get_predictions	n4m_model_selection_aom_pls_result_get_predictions	aom_pop.aom_pls	model_selection	aom_pls	_result_get_predictions
n4m_aom_global_result_get_rmse_curves	n4m_model_selection_aom_pls_result_get_rmse_curves	aom_pop.aom_pls	model_selection	aom_pls	_result_get_rmse_curves
n4m_aom_global_result_get_selected_n_components	n4m_model_selection_aom_pls_result_get_selected_n_components	aom_pop.aom_pls	model_selection	aom_pls	_result_get_selected_n_components
n4m_aom_global_result_get_selected_operator_index	n4m_model_selection_aom_pls_result_get_selected_operator_index	aom_pop.aom_pls	model_selection	aom_pls	_result_get_selected_operator_index
n4m_aom_global_select	n4m_model_selection_aom_pls_select	aom_pop.aom_pls	model_selection	aom_pls	_select
n4m_aom_operator_pls_stack_fit	n4m_ensemble_aom_operator_pls_stack_fit	aom_pop.operator_pls_stack	ensemble	aom_operator_pls_stack	_fit
n4m_aom_per_component_result_destroy	n4m_model_selection_pop_pls_result_destroy	aom_pop.pop_pls	model_selection	pop_pls	_result_destroy
n4m_aom_per_component_result_get_best_score	n4m_model_selection_pop_pls_result_get_best_score	aom_pop.pop_pls	model_selection	pop_pls	_result_get_best_score
n4m_aom_per_component_result_get_coefficients	n4m_model_selection_pop_pls_result_get_coefficients	aom_pop.pop_pls	model_selection	pop_pls	_result_get_coefficients
n4m_aom_per_component_result_get_component_scores	n4m_model_selection_pop_pls_result_get_component_scores	aom_pop.pop_pls	model_selection	pop_pls	_result_get_component_scores
n4m_aom_per_component_result_get_input_coefficients	n4m_model_selection_pop_pls_result_get_input_coefficients	aom_pop.pop_pls	model_selection	pop_pls	_result_get_input_coefficients
n4m_aom_per_component_result_get_intercept	n4m_model_selection_pop_pls_result_get_intercept	aom_pop.pop_pls	model_selection	pop_pls	_result_get_intercept
n4m_aom_per_component_result_get_max_components	n4m_model_selection_pop_pls_result_get_max_components	aom_pop.pop_pls	model_selection	pop_pls	_result_get_max_components
n4m_aom_per_component_result_get_n_operators	n4m_model_selection_pop_pls_result_get_n_operators	aom_pop.pop_pls	model_selection	pop_pls	_result_get_n_operators
n4m_aom_per_component_result_get_operator_kinds	n4m_model_selection_pop_pls_result_get_operator_kinds	aom_pop.pop_pls	model_selection	pop_pls	_result_get_operator_kinds
n4m_aom_per_component_result_get_predictions	n4m_model_selection_pop_pls_result_get_predictions	aom_pop.pop_pls	model_selection	pop_pls	_result_get_predictions
n4m_aom_per_component_result_get_prefix_scores	n4m_model_selection_pop_pls_result_get_prefix_scores	aom_pop.pop_pls	model_selection	pop_pls	_result_get_prefix_scores
n4m_aom_per_component_result_get_selected_n_components	n4m_model_selection_pop_pls_result_get_selected_n_components	aom_pop.pop_pls	model_selection	pop_pls	_result_get_selected_n_components
n4m_aom_per_component_result_get_selected_operator_indices	n4m_model_selection_pop_pls_result_get_selected_operator_indices	aom_pop.pop_pls	model_selection	pop_pls	_result_get_selected_operator_indices
n4m_aom_per_component_select	n4m_model_selection_pop_pls_select	aom_pop.pop_pls	model_selection	pop_pls	_select
n4m_aom_preprocess_fit	n4m_model_selection_aom_preprocessing_fit	aom_pop.aom_preprocessing	model_selection	aom_preprocessing	_fit
n4m_aom_ridge_blender_fit	n4m_ensemble_aom_ridge_blender_fit	aom_pop.ridge_blender	ensemble	aom_ridge_blender	_fit
n4m_aom_robust_hpo_fit	n4m_model_selection_robust_hpo_fit	aom_pop.robust_hpo	model_selection	robust_hpo	_fit
n4m_aom_sweep_run	n4m_model_selection_aom_sweep_run	aom_pop.aom_sweep	model_selection	aom_sweep	_run
n4m_approximate_press_compute	n4m_metrics_approximate_press_compute	diagnostics.approximate_press	metrics	approximate_press	_compute
n4m_aug_band_mask_apply	n4m_augmentation_band_mask_apply	augmentation.spectral.band_mask	augmentation	band_mask	_apply
n4m_aug_band_mask_create	n4m_augmentation_band_mask_create	augmentation.spectral.band_mask	augmentation	band_mask	_create
n4m_aug_band_mask_destroy	n4m_augmentation_band_mask_destroy	augmentation.spectral.band_mask	augmentation	band_mask	_destroy
n4m_aug_band_perturb_apply	n4m_augmentation_band_perturb_apply	augmentation.spectral.band_perturb	augmentation	band_perturb	_apply
n4m_aug_band_perturb_create	n4m_augmentation_band_perturb_create	augmentation.spectral.band_perturb	augmentation	band_perturb	_create
n4m_aug_band_perturb_destroy	n4m_augmentation_band_perturb_destroy	augmentation.spectral.band_perturb	augmentation	band_perturb	_destroy
n4m_aug_batch_effect_apply	n4m_augmentation_batch_effect_apply	augmentation.scattering.batch_effect	augmentation	batch_effect	_apply
n4m_aug_batch_effect_create	n4m_augmentation_batch_effect_create	augmentation.scattering.batch_effect	augmentation	batch_effect	_create
n4m_aug_batch_effect_destroy	n4m_augmentation_batch_effect_destroy	augmentation.scattering.batch_effect	augmentation	batch_effect	_destroy
n4m_aug_channel_dropout_apply	n4m_augmentation_channel_dropout_apply	augmentation.spectral.channel_dropout	augmentation	channel_dropout	_apply
n4m_aug_channel_dropout_create	n4m_augmentation_channel_dropout_create	augmentation.spectral.channel_dropout	augmentation	channel_dropout	_create
n4m_aug_channel_dropout_destroy	n4m_augmentation_channel_dropout_destroy	augmentation.spectral.channel_dropout	augmentation	channel_dropout	_destroy
n4m_aug_dead_band_apply	n4m_augmentation_dead_band_apply	augmentation.scattering.dead_band	augmentation	dead_band	_apply
n4m_aug_dead_band_create	n4m_augmentation_dead_band_create	augmentation.scattering.dead_band	augmentation	dead_band	_create
n4m_aug_dead_band_destroy	n4m_augmentation_dead_band_destroy	augmentation.scattering.dead_band	augmentation	dead_band	_destroy
n4m_aug_detector_rolloff_apply	n4m_augmentation_detector_rolloff_apply	augmentation.edge_artifacts.detector_rolloff	augmentation	detector_rolloff	_apply
n4m_aug_detector_rolloff_create	n4m_augmentation_detector_rolloff_create	augmentation.edge_artifacts.detector_rolloff	augmentation	detector_rolloff	_create
n4m_aug_detector_rolloff_destroy	n4m_augmentation_detector_rolloff_destroy	augmentation.edge_artifacts.detector_rolloff	augmentation	detector_rolloff	_destroy
n4m_aug_edge_artifacts_apply	n4m_augmentation_edge_artifacts_apply	augmentation.edge_artifacts.edge_artifacts	augmentation	edge_artifacts	_apply
n4m_aug_edge_artifacts_create	n4m_augmentation_edge_artifacts_create	augmentation.edge_artifacts.edge_artifacts	augmentation	edge_artifacts	_create
n4m_aug_edge_artifacts_destroy	n4m_augmentation_edge_artifacts_destroy	augmentation.edge_artifacts.edge_artifacts	augmentation	edge_artifacts	_destroy
n4m_aug_edge_curve_apply	n4m_augmentation_edge_curvature_apply	augmentation.edge_artifacts.edge_curvature	augmentation	edge_curvature	_apply
n4m_aug_edge_curve_create	n4m_augmentation_edge_curvature_create	augmentation.edge_artifacts.edge_curvature	augmentation	edge_curvature	_create
n4m_aug_edge_curve_destroy	n4m_augmentation_edge_curvature_destroy	augmentation.edge_artifacts.edge_curvature	augmentation	edge_curvature	_destroy
n4m_aug_emsc_distort_apply	n4m_augmentation_emsc_distort_apply	augmentation.scattering.emsc_distort	augmentation	emsc_distort	_apply
n4m_aug_emsc_distort_create	n4m_augmentation_emsc_distort_create	augmentation.scattering.emsc_distort	augmentation	emsc_distort	_create
n4m_aug_emsc_distort_destroy	n4m_augmentation_emsc_distort_destroy	augmentation.scattering.emsc_distort	augmentation	emsc_distort	_destroy
n4m_aug_gauss_jitter_apply	n4m_augmentation_gauss_jitter_apply	augmentation.spectral.gauss_jitter	augmentation	gauss_jitter	_apply
n4m_aug_gauss_jitter_create	n4m_augmentation_gauss_jitter_create	augmentation.spectral.gauss_jitter	augmentation	gauss_jitter	_create
n4m_aug_gauss_jitter_destroy	n4m_augmentation_gauss_jitter_destroy	augmentation.spectral.gauss_jitter	augmentation	gauss_jitter	_destroy
n4m_aug_gaussian_noise_apply	n4m_augmentation_gaussian_noise_apply	augmentation.noise.gaussian_noise	augmentation	gaussian_noise	_apply
n4m_aug_gaussian_noise_create	n4m_augmentation_gaussian_noise_create	augmentation.noise.gaussian_noise	augmentation	gaussian_noise	_create
n4m_aug_gaussian_noise_destroy	n4m_augmentation_gaussian_noise_destroy	augmentation.noise.gaussian_noise	augmentation	gaussian_noise	_destroy
n4m_aug_hetero_noise_apply	n4m_augmentation_hetero_noise_apply	augmentation.noise.hetero_noise	augmentation	hetero_noise	_apply
n4m_aug_hetero_noise_create	n4m_augmentation_hetero_noise_create	augmentation.noise.hetero_noise	augmentation	hetero_noise	_create
n4m_aug_hetero_noise_destroy	n4m_augmentation_hetero_noise_destroy	augmentation.noise.hetero_noise	augmentation	hetero_noise	_destroy
n4m_aug_instrument_broaden_apply	n4m_augmentation_instrument_broaden_apply	augmentation.scattering.instrument_broaden	augmentation	instrument_broaden	_apply
n4m_aug_instrument_broaden_create	n4m_augmentation_instrument_broaden_create	augmentation.scattering.instrument_broaden	augmentation	instrument_broaden	_create
n4m_aug_instrument_broaden_destroy	n4m_augmentation_instrument_broaden_destroy	augmentation.scattering.instrument_broaden	augmentation	instrument_broaden	_destroy
n4m_aug_linear_drift_apply	n4m_augmentation_linear_drift_apply	augmentation.drift.linear_drift	augmentation	linear_drift	_apply
n4m_aug_linear_drift_create	n4m_augmentation_linear_drift_create	augmentation.drift.linear_drift	augmentation	linear_drift	_create
n4m_aug_linear_drift_destroy	n4m_augmentation_linear_drift_destroy	augmentation.drift.linear_drift	augmentation	linear_drift	_destroy
n4m_aug_local_clip_apply	n4m_augmentation_local_clip_apply	augmentation.spectral.local_clip	augmentation	local_clip	_apply
n4m_aug_local_clip_create	n4m_augmentation_local_clip_create	augmentation.spectral.local_clip	augmentation	local_clip	_create
n4m_aug_local_clip_destroy	n4m_augmentation_local_clip_destroy	augmentation.spectral.local_clip	augmentation	local_clip	_destroy
n4m_aug_local_mixup_apply	n4m_augmentation_local_mixup_apply	augmentation.mixup.local_mixup	augmentation	local_mixup	_apply
n4m_aug_local_mixup_create	n4m_augmentation_local_mixup_create	augmentation.mixup.local_mixup	augmentation	local_mixup	_create
n4m_aug_local_mixup_destroy	n4m_augmentation_local_mixup_destroy	augmentation.mixup.local_mixup	augmentation	local_mixup	_destroy
n4m_aug_local_warp_apply	n4m_augmentation_local_warp_apply	augmentation.wavelength.local_warp	augmentation	local_warp	_apply
n4m_aug_local_warp_create	n4m_augmentation_local_warp_create	augmentation.wavelength.local_warp	augmentation	local_warp	_create
n4m_aug_local_warp_destroy	n4m_augmentation_local_warp_destroy	augmentation.wavelength.local_warp	augmentation	local_warp	_destroy
n4m_aug_magnitude_warp_apply	n4m_augmentation_magnitude_warp_apply	augmentation.spectral.magnitude_warp	augmentation	magnitude_warp	_apply
n4m_aug_magnitude_warp_create	n4m_augmentation_magnitude_warp_create	augmentation.spectral.magnitude_warp	augmentation	magnitude_warp	_create
n4m_aug_magnitude_warp_destroy	n4m_augmentation_magnitude_warp_destroy	augmentation.spectral.magnitude_warp	augmentation	magnitude_warp	_destroy
n4m_aug_mixup_apply	n4m_augmentation_mixup_apply	augmentation.mixup.mixup	augmentation	mixup	_apply
n4m_aug_mixup_create	n4m_augmentation_mixup_create	augmentation.mixup.mixup	augmentation	mixup	_create
n4m_aug_mixup_destroy	n4m_augmentation_mixup_destroy	augmentation.mixup.mixup	augmentation	mixup	_destroy
n4m_aug_moisture_apply	n4m_augmentation_moisture_apply	augmentation.environmental.moisture	augmentation	moisture	_apply
n4m_aug_moisture_create	n4m_augmentation_moisture_create	augmentation.environmental.moisture	augmentation	moisture	_create
n4m_aug_moisture_destroy	n4m_augmentation_moisture_destroy	augmentation.environmental.moisture	augmentation	moisture	_destroy
n4m_aug_multiplicative_noise_apply	n4m_augmentation_multiplicative_noise_apply	augmentation.noise.multiplicative_noise	augmentation	multiplicative_noise	_apply
n4m_aug_multiplicative_noise_create	n4m_augmentation_multiplicative_noise_create	augmentation.noise.multiplicative_noise	augmentation	multiplicative_noise	_create
n4m_aug_multiplicative_noise_destroy	n4m_augmentation_multiplicative_noise_destroy	augmentation.noise.multiplicative_noise	augmentation	multiplicative_noise	_destroy
n4m_aug_particle_size_apply	n4m_augmentation_particle_size_apply	augmentation.scattering.particle_size	augmentation	particle_size	_apply
n4m_aug_particle_size_create	n4m_augmentation_particle_size_create	augmentation.scattering.particle_size	augmentation	particle_size	_create
n4m_aug_particle_size_destroy	n4m_augmentation_particle_size_destroy	augmentation.scattering.particle_size	augmentation	particle_size	_destroy
n4m_aug_path_length_apply	n4m_augmentation_path_length_apply	augmentation.drift.path_length	augmentation	path_length	_apply
n4m_aug_path_length_create	n4m_augmentation_path_length_create	augmentation.drift.path_length	augmentation	path_length	_create
n4m_aug_path_length_destroy	n4m_augmentation_path_length_destroy	augmentation.drift.path_length	augmentation	path_length	_destroy
n4m_aug_poly_drift_apply	n4m_augmentation_poly_drift_apply	augmentation.drift.poly_drift	augmentation	poly_drift	_apply
n4m_aug_poly_drift_create	n4m_augmentation_poly_drift_create	augmentation.drift.poly_drift	augmentation	poly_drift	_create
n4m_aug_poly_drift_destroy	n4m_augmentation_poly_drift_destroy	augmentation.drift.poly_drift	augmentation	poly_drift	_destroy
n4m_aug_random_x_op_apply	n4m_augmentation_random_x_op_apply	augmentation.random.random_x_op	augmentation	random_x_op	_apply
n4m_aug_random_x_op_create	n4m_augmentation_random_x_op_create	augmentation.random.random_x_op	augmentation	random_x_op	_create
n4m_aug_random_x_op_destroy	n4m_augmentation_random_x_op_destroy	augmentation.random.random_x_op	augmentation	random_x_op	_destroy
n4m_aug_rotate_translate_apply	n4m_augmentation_rotate_translate_apply	augmentation.random.rotate_translate	augmentation	rotate_translate	_apply
n4m_aug_rotate_translate_create	n4m_augmentation_rotate_translate_create	augmentation.random.rotate_translate	augmentation	rotate_translate	_create
n4m_aug_rotate_translate_destroy	n4m_augmentation_rotate_translate_destroy	augmentation.random.rotate_translate	augmentation	rotate_translate	_destroy
n4m_aug_scatter_sim_apply	n4m_augmentation_scatter_sim_msc_apply	augmentation.scattering.scatter_sim_msc	augmentation	scatter_sim_msc	_apply
n4m_aug_scatter_sim_create	n4m_augmentation_scatter_sim_msc_create	augmentation.scattering.scatter_sim_msc	augmentation	scatter_sim_msc	_create
n4m_aug_scatter_sim_destroy	n4m_augmentation_scatter_sim_msc_destroy	augmentation.scattering.scatter_sim_msc	augmentation	scatter_sim_msc	_destroy
n4m_aug_spike_noise_apply	n4m_augmentation_spike_noise_apply	augmentation.noise.spike_noise	augmentation	spike_noise	_apply
n4m_aug_spike_noise_create	n4m_augmentation_spike_noise_create	augmentation.noise.spike_noise	augmentation	spike_noise	_create
n4m_aug_spike_noise_destroy	n4m_augmentation_spike_noise_destroy	augmentation.noise.spike_noise	augmentation	spike_noise	_destroy
n4m_aug_spline_curve_simplify_apply	n4m_augmentation_spline_curve_simplification_apply	augmentation.splines.spline_curve_simplification	augmentation	spline_curve_simplification	_apply
n4m_aug_spline_curve_simplify_create	n4m_augmentation_spline_curve_simplification_create	augmentation.splines.spline_curve_simplification	augmentation	spline_curve_simplification	_create
n4m_aug_spline_curve_simplify_destroy	n4m_augmentation_spline_curve_simplification_destroy	augmentation.splines.spline_curve_simplification	augmentation	spline_curve_simplification	_destroy
n4m_aug_spline_smooth_apply	n4m_augmentation_spline_smoothing_apply	augmentation.splines.spline_smoothing	augmentation	spline_smoothing	_apply
n4m_aug_spline_smooth_create	n4m_augmentation_spline_smoothing_create	augmentation.splines.spline_smoothing	augmentation	spline_smoothing	_create
n4m_aug_spline_smooth_destroy	n4m_augmentation_spline_smoothing_destroy	augmentation.splines.spline_smoothing	augmentation	spline_smoothing	_destroy
n4m_aug_spline_x_perturb_apply	n4m_augmentation_spline_x_perturbations_apply	augmentation.splines.spline_x_perturbations	augmentation	spline_x_perturbations	_apply
n4m_aug_spline_x_perturb_create	n4m_augmentation_spline_x_perturbations_create	augmentation.splines.spline_x_perturbations	augmentation	spline_x_perturbations	_create
n4m_aug_spline_x_perturb_destroy	n4m_augmentation_spline_x_perturbations_destroy	augmentation.splines.spline_x_perturbations	augmentation	spline_x_perturbations	_destroy
n4m_aug_spline_x_simplify_apply	n4m_augmentation_spline_x_simplification_apply	augmentation.splines.spline_x_simplification	augmentation	spline_x_simplification	_apply
n4m_aug_spline_x_simplify_create	n4m_augmentation_spline_x_simplification_create	augmentation.splines.spline_x_simplification	augmentation	spline_x_simplification	_create
n4m_aug_spline_x_simplify_destroy	n4m_augmentation_spline_x_simplification_destroy	augmentation.splines.spline_x_simplification	augmentation	spline_x_simplification	_destroy
n4m_aug_spline_y_perturb_apply	n4m_augmentation_spline_y_perturbations_apply	augmentation.splines.spline_y_perturbations	augmentation	spline_y_perturbations	_apply
n4m_aug_spline_y_perturb_create	n4m_augmentation_spline_y_perturbations_create	augmentation.splines.spline_y_perturbations	augmentation	spline_y_perturbations	_create
n4m_aug_spline_y_perturb_destroy	n4m_augmentation_spline_y_perturbations_destroy	augmentation.splines.spline_y_perturbations	augmentation	spline_y_perturbations	_destroy
n4m_aug_stray_light_apply	n4m_augmentation_stray_light_apply	augmentation.edge_artifacts.stray_light	augmentation	stray_light	_apply
n4m_aug_stray_light_create	n4m_augmentation_stray_light_create	augmentation.edge_artifacts.stray_light	augmentation	stray_light	_create
n4m_aug_stray_light_destroy	n4m_augmentation_stray_light_destroy	augmentation.edge_artifacts.stray_light	augmentation	stray_light	_destroy
n4m_aug_temperature_apply	n4m_augmentation_temperature_apply	augmentation.environmental.temperature	augmentation	temperature	_apply
n4m_aug_temperature_create	n4m_augmentation_temperature_create	augmentation.environmental.temperature	augmentation	temperature	_create
n4m_aug_temperature_destroy	n4m_augmentation_temperature_destroy	augmentation.environmental.temperature	augmentation	temperature	_destroy
n4m_aug_truncated_peak_apply	n4m_augmentation_truncated_peak_apply	augmentation.edge_artifacts.truncated_peak	augmentation	truncated_peak	_apply
n4m_aug_truncated_peak_create	n4m_augmentation_truncated_peak_create	augmentation.edge_artifacts.truncated_peak	augmentation	truncated_peak	_create
n4m_aug_truncated_peak_destroy	n4m_augmentation_truncated_peak_destroy	augmentation.edge_artifacts.truncated_peak	augmentation	truncated_peak	_destroy
n4m_aug_unsharp_mask_apply	n4m_augmentation_unsharp_mask_apply	augmentation.spectral.unsharp_mask	augmentation	unsharp_mask	_apply
n4m_aug_unsharp_mask_create	n4m_augmentation_unsharp_mask_create	augmentation.spectral.unsharp_mask	augmentation	unsharp_mask	_create
n4m_aug_unsharp_mask_destroy	n4m_augmentation_unsharp_mask_destroy	augmentation.spectral.unsharp_mask	augmentation	unsharp_mask	_destroy
n4m_aug_wavelength_shift_apply	n4m_augmentation_wavelength_shift_apply	augmentation.wavelength.wavelength_shift	augmentation	wavelength_shift	_apply
n4m_aug_wavelength_shift_create	n4m_augmentation_wavelength_shift_create	augmentation.wavelength.wavelength_shift	augmentation	wavelength_shift	_create
n4m_aug_wavelength_shift_destroy	n4m_augmentation_wavelength_shift_destroy	augmentation.wavelength.wavelength_shift	augmentation	wavelength_shift	_destroy
n4m_aug_wavelength_stretch_apply	n4m_augmentation_wavelength_stretch_apply	augmentation.wavelength.wavelength_stretch	augmentation	wavelength_stretch	_apply
n4m_aug_wavelength_stretch_create	n4m_augmentation_wavelength_stretch_create	augmentation.wavelength.wavelength_stretch	augmentation	wavelength_stretch	_create
n4m_aug_wavelength_stretch_destroy	n4m_augmentation_wavelength_stretch_destroy	augmentation.wavelength.wavelength_stretch	augmentation	wavelength_stretch	_destroy
n4m_bagging_pls_fit	n4m_ensemble_bagging_pls_fit	models.ensembles.bagging_pls	ensemble	bagging_pls	_fit
n4m_bipls_select	n4m_feature_selection_bipls_select	selection.bipls	feature_selection	bipls	_select
n4m_boosting_pls_fit	n4m_ensemble_boosting_pls_fit	models.ensembles.boosting_pls	ensemble	boosting_pls	_fit
n4m_bve_select	n4m_feature_selection_bve_select	selection.bve	feature_selection	bve	_select
n4m_cars_select	n4m_feature_selection_cars_select	selection.cars	feature_selection	cars	_select
n4m_continuum_regression_fit	n4m_estimators_continuum_regression_fit	models.regularized.continuum_regression	estimators	continuum_regression	_fit
n4m_cppls_fit	n4m_estimators_cppls_fit	models.pls.cppls	estimators	cppls	_fit
n4m_di_pls_fit	n4m_domain_adaptation_di_pls_fit	models.transfer.di_pls	domain_adaptation	di_pls	_fit
n4m_ds_fit	n4m_domain_adaptation_ds_fit	models.transfer.ds	domain_adaptation	ds	_fit
n4m_ecr_fit	n4m_estimators_ecr_fit	models.specialized.ecr	estimators	ecr	_fit
n4m_emcuve_select	n4m_feature_selection_emcuve_select	selection.emcuve	feature_selection	emcuve	_select
n4m_filter_composite_add_leverage	n4m_outlier_detection_composite_add_leverage	filters.composite	outlier_detection	composite	_add_leverage
n4m_filter_composite_add_quality	n4m_outlier_detection_composite_add_quality	filters.composite	outlier_detection	composite	_add_quality
n4m_filter_composite_apply	n4m_outlier_detection_composite_apply	filters.composite	outlier_detection	composite	_apply
n4m_filter_composite_create	n4m_outlier_detection_composite_create	filters.composite	outlier_detection	composite	_create
n4m_filter_composite_destroy	n4m_outlier_detection_composite_destroy	filters.composite	outlier_detection	composite	_destroy
n4m_filter_correlation_create	n4m_feature_selection_correlation_create	filters.correlation	feature_selection	correlation	_create
n4m_filter_correlation_destroy	n4m_feature_selection_correlation_destroy	filters.correlation	feature_selection	correlation	_destroy
n4m_filter_correlation_fit	n4m_feature_selection_correlation_fit	filters.correlation	feature_selection	correlation	_fit
n4m_filter_correlation_is_fitted	n4m_feature_selection_correlation_is_fitted	filters.correlation	feature_selection	correlation	_is_fitted
n4m_filter_correlation_output_cols	n4m_feature_selection_correlation_output_cols	filters.correlation	feature_selection	correlation	_output_cols
n4m_filter_correlation_transform	n4m_feature_selection_correlation_transform	filters.correlation	feature_selection	correlation	_transform
n4m_filter_leverage_apply	n4m_outlier_detection_high_leverage_apply	filters.high_leverage	outlier_detection	high_leverage	_apply
n4m_filter_leverage_create	n4m_outlier_detection_high_leverage_create	filters.high_leverage	outlier_detection	high_leverage	_create
n4m_filter_leverage_destroy	n4m_outlier_detection_high_leverage_destroy	filters.high_leverage	outlier_detection	high_leverage	_destroy
n4m_filter_leverage_fit	n4m_outlier_detection_high_leverage_fit	filters.high_leverage	outlier_detection	high_leverage	_fit
n4m_filter_leverage_is_fitted	n4m_outlier_detection_high_leverage_is_fitted	filters.high_leverage	outlier_detection	high_leverage	_is_fitted
n4m_filter_leverage_threshold	n4m_outlier_detection_high_leverage_threshold	filters.high_leverage	outlier_detection	high_leverage	_threshold
n4m_filter_quality_apply	n4m_outlier_detection_spectral_quality_apply	filters.spectral_quality	outlier_detection	spectral_quality	_apply
n4m_filter_quality_create	n4m_outlier_detection_spectral_quality_create	filters.spectral_quality	outlier_detection	spectral_quality	_create
n4m_filter_quality_destroy	n4m_outlier_detection_spectral_quality_destroy	filters.spectral_quality	outlier_detection	spectral_quality	_destroy
n4m_filter_variance_create	n4m_feature_selection_variance_create	filters.variance	feature_selection	variance	_create
n4m_filter_variance_destroy	n4m_feature_selection_variance_destroy	filters.variance	feature_selection	variance	_destroy
n4m_filter_variance_fit	n4m_feature_selection_variance_fit	filters.variance	feature_selection	variance	_fit
n4m_filter_variance_is_fitted	n4m_feature_selection_variance_is_fitted	filters.variance	feature_selection	variance	_is_fitted
n4m_filter_variance_output_cols	n4m_feature_selection_variance_output_cols	filters.variance	feature_selection	variance	_output_cols
n4m_filter_variance_transform	n4m_feature_selection_variance_transform	filters.variance	feature_selection	variance	_transform
n4m_filter_x_outlier_apply	n4m_outlier_detection_x_outlier_apply	filters.x_outlier	outlier_detection	x_outlier	_apply
n4m_filter_x_outlier_create	n4m_outlier_detection_x_outlier_create	filters.x_outlier	outlier_detection	x_outlier	_create
n4m_filter_x_outlier_destroy	n4m_outlier_detection_x_outlier_destroy	filters.x_outlier	outlier_detection	x_outlier	_destroy
n4m_filter_x_outlier_fit	n4m_outlier_detection_x_outlier_fit	filters.x_outlier	outlier_detection	x_outlier	_fit
n4m_filter_x_outlier_is_fitted	n4m_outlier_detection_x_outlier_is_fitted	filters.x_outlier	outlier_detection	x_outlier	_is_fitted
n4m_filter_y_outlier_apply	n4m_outlier_detection_y_outlier_apply	filters.y_outlier	outlier_detection	y_outlier	_apply
n4m_filter_y_outlier_create	n4m_outlier_detection_y_outlier_create	filters.y_outlier	outlier_detection	y_outlier	_create
n4m_filter_y_outlier_destroy	n4m_outlier_detection_y_outlier_destroy	filters.y_outlier	outlier_detection	y_outlier	_destroy
n4m_filter_y_outlier_fit	n4m_outlier_detection_y_outlier_fit	filters.y_outlier	outlier_detection	y_outlier	_fit
n4m_filter_y_outlier_is_fitted	n4m_outlier_detection_y_outlier_is_fitted	filters.y_outlier	outlier_detection	y_outlier	_is_fitted
n4m_fused_sparse_pls_fit	n4m_estimators_fused_sparse_pls_fit	models.sparse.fused_sparse_pls	estimators	fused_sparse_pls	_fit
n4m_ga_select	n4m_feature_selection_ga_select	selection.ga	feature_selection	ga	_select
n4m_gpr_pls_fit	n4m_estimators_gpr_pls_fit	models.specialized.gpr_pls	estimators	gpr_pls	_fit
n4m_group_sparse_pls_fit	n4m_estimators_group_sparse_pls_fit	models.sparse.group_sparse_pls	estimators	group_sparse_pls	_fit
n4m_interval_generator_create	n4m_feature_selection_interval_generator_create	selection.interval	feature_selection	interval	_generator_create
n4m_interval_generator_destroy	n4m_feature_selection_interval_generator_destroy	selection.interval	feature_selection	interval	_generator_destroy
n4m_interval_generator_fit	n4m_feature_selection_interval_generator_fit	selection.interval	feature_selection	interval	_generator_fit
n4m_interval_generator_is_fitted	n4m_feature_selection_interval_generator_is_fitted	selection.interval	feature_selection	interval	_generator_is_fitted
n4m_interval_generator_output_cols	n4m_feature_selection_interval_generator_output_cols	selection.interval	feature_selection	interval	_generator_output_cols
n4m_interval_generator_transform	n4m_feature_selection_interval_generator_transform	selection.interval	feature_selection	interval	_generator_transform
n4m_interval_select	n4m_feature_selection_interval_select	selection.interval	feature_selection	interval	_select
n4m_ipw_select	n4m_feature_selection_ipw_select	selection.ipw	feature_selection	ipw	_select
n4m_irf_select	n4m_feature_selection_irf_select	selection.irf	feature_selection	irf	_select
n4m_iriv_select	n4m_feature_selection_iriv_select	selection.iriv	feature_selection	iriv	_select
n4m_kernel_pls_fit	n4m_estimators_kernel_pls_fit	models.pls.kernel	estimators	kernel_pls	_fit
n4m_lw_pls_fit	n4m_estimators_lw_pls_fit	models.local.lw_pls	estimators	lw_pls	_fit
n4m_mb_pls_fit	n4m_estimators_mb_pls_fit	models.multiblock.mb_pls	estimators	mb_pls	_fit
n4m_metric_bias	n4m_metrics_regression_metrics_bias	diagnostics.regression_metrics	metrics	regression_metrics	_bias
n4m_metric_mae	n4m_metrics_regression_metrics_mae	diagnostics.regression_metrics	metrics	regression_metrics	_mae
n4m_metric_nrmse	n4m_metrics_regression_metrics_nrmse	diagnostics.regression_metrics	metrics	regression_metrics	_nrmse
n4m_metric_r2	n4m_metrics_regression_metrics_r2	diagnostics.regression_metrics	metrics	regression_metrics	_r2
n4m_metric_rmse	n4m_metrics_regression_metrics_rmse	diagnostics.regression_metrics	metrics	regression_metrics	_rmse
n4m_metric_rpd	n4m_metrics_regression_metrics_rpd	diagnostics.regression_metrics	metrics	regression_metrics	_rpd
n4m_metric_rpiq	n4m_metrics_regression_metrics_rpiq	diagnostics.regression_metrics	metrics	regression_metrics	_rpiq
n4m_metric_sep	n4m_metrics_regression_metrics_sep	diagnostics.regression_metrics	metrics	regression_metrics	_sep
n4m_mir_pls_fit	n4m_estimators_mir_pls_fit	models.multiblock.mir_pls	estimators	mir_pls	_fit
n4m_missing_aware_nipals_fit	n4m_estimators_missing_aware_nipals_fit	models.specialized.missing_aware_nipals	estimators	missing_aware_nipals	_fit
n4m_moments_compute	n4m_lowlevel_moments_compute	utilities.moments	lowlevel	moments	_compute
n4m_moments_subset_compute	n4m_lowlevel_moments_subset_compute	utilities.moments	lowlevel	moments	_subset_compute
n4m_moments_subtract	n4m_lowlevel_moments_subtract	utilities.moments	lowlevel	moments	_subtract
n4m_n_pls_fit	n4m_estimators_n_pls_fit	models.specialized.tensor_pls	estimators	n_pls	_fit
n4m_o2pls_fit	n4m_estimators_o2pls_fit	models.multiblock.o2pls	estimators	o2pls	_fit
n4m_on_pls_fit	n4m_estimators_on_pls_fit	models.multiblock.on_pls	estimators	on_pls	_fit
n4m_one_se_rule_compute	n4m_metrics_one_se_rule_compute	diagnostics.model_selection	metrics	one_se_rule	_compute
n4m_pcr_fit	n4m_estimators_pcr_fit	models.pls.pcr	estimators	pcr	_fit
n4m_pds_fit	n4m_domain_adaptation_pds_fit	models.transfer.pds	domain_adaptation	pds	_fit
n4m_pls_cox_fit	n4m_estimators_pls_cox_fit	models.heads.pls_cox	estimators	pls_cox	_fit
n4m_pls_diagnostics_compute	n4m_metrics_pls_diagnostics_compute	diagnostics.pls_diagnostics	metrics	pls_diagnostics	_compute
n4m_pls_fit_simple	n4m_estimators_pls_fit	models.pls.pls_fit_simple	estimators	pls	_fit
n4m_pls_glm_fit	n4m_estimators_pls_glm_fit	models.heads.pls_glm	estimators	pls_glm	_fit
n4m_pls_lda_fit	n4m_estimators_pls_lda_fit	models.classification.pls_lda	estimators	pls_lda	_fit
n4m_pls_logistic_fit	n4m_estimators_pls_logistic_fit	models.classification.pls_logistic	estimators	pls_logistic	_fit
n4m_pls_monitoring_run	n4m_metrics_pls_monitoring_run	diagnostics.pls_monitoring	metrics	pls_monitoring	_run
n4m_pls_qda_fit	n4m_estimators_pls_qda_fit	models.classification.pls_qda	estimators	pls_qda	_fit
n4m_pp_airpls_create	n4m_transform_airpls_create	preprocessing.baselines.airpls	transform	airpls	_create
n4m_pp_airpls_destroy	n4m_transform_airpls_destroy	preprocessing.baselines.airpls	transform	airpls	_destroy
n4m_pp_airpls_transform	n4m_transform_airpls_transform	preprocessing.baselines.airpls	transform	airpls	_transform
n4m_pp_area_create	n4m_transform_area_normalization_create	preprocessing.scatter.area_normalization	transform	area_normalization	_create
n4m_pp_area_destroy	n4m_transform_area_normalization_destroy	preprocessing.scatter.area_normalization	transform	area_normalization	_destroy
n4m_pp_area_transform	n4m_transform_area_normalization_transform	preprocessing.scatter.area_normalization	transform	area_normalization	_transform
n4m_pp_arpls_create	n4m_transform_arpls_create	preprocessing.baselines.arpls	transform	arpls	_create
n4m_pp_arpls_destroy	n4m_transform_arpls_destroy	preprocessing.baselines.arpls	transform	arpls	_destroy
n4m_pp_arpls_transform	n4m_transform_arpls_transform	preprocessing.baselines.arpls	transform	arpls	_transform
n4m_pp_asls_create	n4m_transform_asls_create	preprocessing.baselines.asls	transform	asls	_create
n4m_pp_asls_destroy	n4m_transform_asls_destroy	preprocessing.baselines.asls	transform	asls	_destroy
n4m_pp_asls_transform	n4m_transform_asls_transform	preprocessing.baselines.asls	transform	asls	_transform
n4m_pp_baseline_create	n4m_transform_baseline_center_create	preprocessing.scaling.baseline	transform	baseline_center	_create
n4m_pp_baseline_destroy	n4m_transform_baseline_center_destroy	preprocessing.scaling.baseline	transform	baseline_center	_destroy
n4m_pp_baseline_fit	n4m_transform_baseline_center_fit	preprocessing.scaling.baseline	transform	baseline_center	_fit
n4m_pp_baseline_inverse_transform	n4m_transform_baseline_center_inverse_transform	preprocessing.scaling.baseline	transform	baseline_center	_inverse_transform
n4m_pp_baseline_is_fitted	n4m_transform_baseline_center_is_fitted	preprocessing.scaling.baseline	transform	baseline_center	_is_fitted
n4m_pp_baseline_transform	n4m_transform_baseline_center_transform	preprocessing.scaling.baseline	transform	baseline_center	_transform
n4m_pp_beads_create	n4m_transform_beads_create	preprocessing.baselines.beads	transform	beads	_create
n4m_pp_beads_destroy	n4m_transform_beads_destroy	preprocessing.baselines.beads	transform	beads	_destroy
n4m_pp_beads_transform	n4m_transform_beads_transform	preprocessing.baselines.beads	transform	beads	_transform
n4m_pp_cow_align_create	n4m_transform_cow_align_create	preprocessing.alignment.cow_align	transform	cow_align	_create
n4m_pp_cow_align_destroy	n4m_transform_cow_align_destroy	preprocessing.alignment.cow_align	transform	cow_align	_destroy
n4m_pp_cow_align_fit	n4m_transform_cow_align_fit	preprocessing.alignment.cow_align	transform	cow_align	_fit
n4m_pp_cow_align_is_fitted	n4m_transform_cow_align_is_fitted	preprocessing.alignment.cow_align	transform	cow_align	_is_fitted
n4m_pp_cow_align_transform	n4m_transform_cow_align_transform	preprocessing.alignment.cow_align	transform	cow_align	_transform
n4m_pp_crop_create	n4m_transform_crop_create	preprocessing.resampling.crop	transform	crop	_create
n4m_pp_crop_destroy	n4m_transform_crop_destroy	preprocessing.resampling.crop	transform	crop	_destroy
n4m_pp_crop_output_cols	n4m_transform_crop_output_cols	preprocessing.resampling.crop	transform	crop	_output_cols
n4m_pp_crop_transform	n4m_transform_crop_transform	preprocessing.resampling.crop	transform	crop	_transform
n4m_pp_derivate_create	n4m_transform_derivative_create	preprocessing.derivatives.derivate	transform	derivative	_create
n4m_pp_derivate_destroy	n4m_transform_derivative_destroy	preprocessing.derivatives.derivate	transform	derivative	_destroy
n4m_pp_derivate_fit	n4m_transform_derivative_fit	preprocessing.derivatives.derivate	transform	derivative	_fit
n4m_pp_derivate_output_cols	n4m_transform_derivative_output_cols	preprocessing.derivatives.derivate	transform	derivative	_output_cols
n4m_pp_derivate_transform	n4m_transform_derivative_transform	preprocessing.derivatives.derivate	transform	derivative	_transform
n4m_pp_detrend_create	n4m_transform_detrend_create	preprocessing.baselines.detrend	transform	detrend	_create
n4m_pp_detrend_destroy	n4m_transform_detrend_destroy	preprocessing.baselines.detrend	transform	detrend	_destroy
n4m_pp_detrend_transform	n4m_transform_detrend_transform	preprocessing.baselines.detrend	transform	detrend	_transform
n4m_pp_direct_standardization_create	n4m_domain_adaptation_direct_standardization_create	preprocessing.transfer.direct_standardization	domain_adaptation	direct_standardization	_create
n4m_pp_direct_standardization_destroy	n4m_domain_adaptation_direct_standardization_destroy	preprocessing.transfer.direct_standardization	domain_adaptation	direct_standardization	_destroy
n4m_pp_direct_standardization_fit	n4m_domain_adaptation_direct_standardization_fit	preprocessing.transfer.direct_standardization	domain_adaptation	direct_standardization	_fit
n4m_pp_direct_standardization_is_fitted	n4m_domain_adaptation_direct_standardization_is_fitted	preprocessing.transfer.direct_standardization	domain_adaptation	direct_standardization	_is_fitted
n4m_pp_direct_standardization_transform	n4m_domain_adaptation_direct_standardization_transform	preprocessing.transfer.direct_standardization	domain_adaptation	direct_standardization	_transform
n4m_pp_dtw_align_create	n4m_transform_dtw_align_create	preprocessing.alignment.dtw_align	transform	dtw_align	_create
n4m_pp_dtw_align_destroy	n4m_transform_dtw_align_destroy	preprocessing.alignment.dtw_align	transform	dtw_align	_destroy
n4m_pp_dtw_align_fit	n4m_transform_dtw_align_fit	preprocessing.alignment.dtw_align	transform	dtw_align	_fit
n4m_pp_dtw_align_is_fitted	n4m_transform_dtw_align_is_fitted	preprocessing.alignment.dtw_align	transform	dtw_align	_is_fitted
n4m_pp_dtw_align_transform	n4m_transform_dtw_align_transform	preprocessing.alignment.dtw_align	transform	dtw_align	_transform
n4m_pp_emsc_create	n4m_transform_emsc_create	preprocessing.scatter.emsc	transform	emsc	_create
n4m_pp_emsc_destroy	n4m_transform_emsc_destroy	preprocessing.scatter.emsc	transform	emsc	_destroy
n4m_pp_emsc_fit	n4m_transform_emsc_fit	preprocessing.scatter.emsc	transform	emsc	_fit
n4m_pp_emsc_is_fitted	n4m_transform_emsc_is_fitted	preprocessing.scatter.emsc	transform	emsc	_is_fitted
n4m_pp_emsc_transform	n4m_transform_emsc_transform	preprocessing.scatter.emsc	transform	emsc	_transform
n4m_pp_epo_create	n4m_domain_adaptation_epo_create	preprocessing.orthogonalization.epo	domain_adaptation	epo	_create
n4m_pp_epo_destroy	n4m_domain_adaptation_epo_destroy	preprocessing.orthogonalization.epo	domain_adaptation	epo	_destroy
n4m_pp_epo_fit	n4m_domain_adaptation_epo_fit	preprocessing.orthogonalization.epo	domain_adaptation	epo	_fit
n4m_pp_epo_inverse_transform	n4m_domain_adaptation_epo_inverse_transform	preprocessing.orthogonalization.epo	domain_adaptation	epo	_inverse_transform
n4m_pp_epo_is_fitted	n4m_domain_adaptation_epo_is_fitted	preprocessing.orthogonalization.epo	domain_adaptation	epo	_is_fitted
n4m_pp_epo_transform	n4m_domain_adaptation_epo_transform	preprocessing.orthogonalization.epo	domain_adaptation	epo	_transform
n4m_pp_epo_transform_with_d	n4m_domain_adaptation_epo_transform_with_d	preprocessing.orthogonalization.epo	domain_adaptation	epo	_transform_with_d
n4m_pp_fck_static_create	n4m_transform_fck_static_create	preprocessing.specialized.fck_static	transform	fck_static	_create
n4m_pp_fck_static_destroy	n4m_transform_fck_static_destroy	preprocessing.specialized.fck_static	transform	fck_static	_destroy
n4m_pp_fck_static_output_cols	n4m_transform_fck_static_output_cols	preprocessing.specialized.fck_static	transform	fck_static	_output_cols
n4m_pp_fck_static_transform	n4m_transform_fck_static_transform	preprocessing.specialized.fck_static	transform	fck_static	_transform
n4m_pp_first_derivative_create	n4m_transform_first_derivative_create	preprocessing.derivatives.first_derivative	transform	first_derivative	_create
n4m_pp_first_derivative_destroy	n4m_transform_first_derivative_destroy	preprocessing.derivatives.first_derivative	transform	first_derivative	_destroy
n4m_pp_first_derivative_transform	n4m_transform_first_derivative_transform	preprocessing.derivatives.first_derivative	transform	first_derivative	_transform
n4m_pp_flex_pca_create	n4m_decomposition_flexible_pca_create	preprocessing.feature_selection.flexible_pca	decomposition	flexible_pca	_create
n4m_pp_flex_pca_destroy	n4m_decomposition_flexible_pca_destroy	preprocessing.feature_selection.flexible_pca	decomposition	flexible_pca	_destroy
n4m_pp_flex_pca_fit	n4m_decomposition_flexible_pca_fit	preprocessing.feature_selection.flexible_pca	decomposition	flexible_pca	_fit
n4m_pp_flex_pca_is_fitted	n4m_decomposition_flexible_pca_is_fitted	preprocessing.feature_selection.flexible_pca	decomposition	flexible_pca	_is_fitted
n4m_pp_flex_pca_output_cols	n4m_decomposition_flexible_pca_output_cols	preprocessing.feature_selection.flexible_pca	decomposition	flexible_pca	_output_cols
n4m_pp_flex_pca_transform	n4m_decomposition_flexible_pca_transform	preprocessing.feature_selection.flexible_pca	decomposition	flexible_pca	_transform
n4m_pp_flex_svd_create	n4m_decomposition_flexible_svd_create	preprocessing.feature_selection.flexible_svd	decomposition	flexible_svd	_create
n4m_pp_flex_svd_destroy	n4m_decomposition_flexible_svd_destroy	preprocessing.feature_selection.flexible_svd	decomposition	flexible_svd	_destroy
n4m_pp_flex_svd_fit	n4m_decomposition_flexible_svd_fit	preprocessing.feature_selection.flexible_svd	decomposition	flexible_svd	_fit
n4m_pp_flex_svd_is_fitted	n4m_decomposition_flexible_svd_is_fitted	preprocessing.feature_selection.flexible_svd	decomposition	flexible_svd	_is_fitted
n4m_pp_flex_svd_output_cols	n4m_decomposition_flexible_svd_output_cols	preprocessing.feature_selection.flexible_svd	decomposition	flexible_svd	_output_cols
n4m_pp_flex_svd_transform	n4m_decomposition_flexible_svd_transform	preprocessing.feature_selection.flexible_svd	decomposition	flexible_svd	_transform
n4m_pp_frac_to_pct_create	n4m_transform_fraction_to_percent_create	preprocessing.signal_conversion.fraction_to_percent	transform	fraction_to_percent	_create
n4m_pp_frac_to_pct_destroy	n4m_transform_fraction_to_percent_destroy	preprocessing.signal_conversion.fraction_to_percent	transform	fraction_to_percent	_destroy
n4m_pp_frac_to_pct_transform	n4m_transform_fraction_to_percent_transform	preprocessing.signal_conversion.fraction_to_percent	transform	fraction_to_percent	_transform
n4m_pp_from_absorbance_create	n4m_transform_from_absorbance_create	preprocessing.signal_conversion.from_absorbance	transform	from_absorbance	_create
n4m_pp_from_absorbance_destroy	n4m_transform_from_absorbance_destroy	preprocessing.signal_conversion.from_absorbance	transform	from_absorbance	_destroy
n4m_pp_from_absorbance_transform	n4m_transform_from_absorbance_transform	preprocessing.signal_conversion.from_absorbance	transform	from_absorbance	_transform
n4m_pp_gaussian_create	n4m_transform_gaussian_create	preprocessing.smoothing.gaussian	transform	gaussian	_create
n4m_pp_gaussian_destroy	n4m_transform_gaussian_destroy	preprocessing.smoothing.gaussian	transform	gaussian	_destroy
n4m_pp_gaussian_transform	n4m_transform_gaussian_transform	preprocessing.smoothing.gaussian	transform	gaussian	_transform
n4m_pp_haar_create	n4m_transform_haar_create	preprocessing.wavelets.haar	transform	haar	_create
n4m_pp_haar_destroy	n4m_transform_haar_destroy	preprocessing.wavelets.haar	transform	haar	_destroy
n4m_pp_haar_output_cols	n4m_transform_haar_output_cols	preprocessing.wavelets.haar	transform	haar	_output_cols
n4m_pp_haar_transform	n4m_transform_haar_transform	preprocessing.wavelets.haar	transform	haar	_transform
n4m_pp_iasls_create	n4m_transform_iasls_create	preprocessing.baselines.iasls	transform	iasls	_create
n4m_pp_iasls_create_ex	n4m_transform_iasls_create_ex	preprocessing.baselines.iasls	transform	iasls	_create_ex
n4m_pp_iasls_destroy	n4m_transform_iasls_destroy	preprocessing.baselines.iasls	transform	iasls	_destroy
n4m_pp_iasls_transform	n4m_transform_iasls_transform	preprocessing.baselines.iasls	transform	iasls	_transform
n4m_pp_icoshift_align_create	n4m_transform_icoshift_align_create	preprocessing.alignment.icoshift_align	transform	icoshift_align	_create
n4m_pp_icoshift_align_destroy	n4m_transform_icoshift_align_destroy	preprocessing.alignment.icoshift_align	transform	icoshift_align	_destroy
n4m_pp_icoshift_align_fit	n4m_transform_icoshift_align_fit	preprocessing.alignment.icoshift_align	transform	icoshift_align	_fit
n4m_pp_icoshift_align_is_fitted	n4m_transform_icoshift_align_is_fitted	preprocessing.alignment.icoshift_align	transform	icoshift_align	_is_fitted
n4m_pp_icoshift_align_transform	n4m_transform_icoshift_align_transform	preprocessing.alignment.icoshift_align	transform	icoshift_align	_transform
n4m_pp_imodpoly_create	n4m_transform_imodpoly_create	preprocessing.baselines.imodpoly	transform	imodpoly	_create
n4m_pp_imodpoly_destroy	n4m_transform_imodpoly_destroy	preprocessing.baselines.imodpoly	transform	imodpoly	_destroy
n4m_pp_imodpoly_transform	n4m_transform_imodpoly_transform	preprocessing.baselines.imodpoly	transform	imodpoly	_transform
n4m_pp_kbins_disc_create	n4m_transform_kbins_discretizer_create	preprocessing.resampling.kbins_discretizer	transform	kbins_discretizer	_create
n4m_pp_kbins_disc_destroy	n4m_transform_kbins_discretizer_destroy	preprocessing.resampling.kbins_discretizer	transform	kbins_discretizer	_destroy
n4m_pp_kbins_disc_fit	n4m_transform_kbins_discretizer_fit	preprocessing.resampling.kbins_discretizer	transform	kbins_discretizer	_fit
n4m_pp_kbins_disc_is_fitted	n4m_transform_kbins_discretizer_is_fitted	preprocessing.resampling.kbins_discretizer	transform	kbins_discretizer	_is_fitted
n4m_pp_kbins_disc_transform	n4m_transform_kbins_discretizer_transform	preprocessing.resampling.kbins_discretizer	transform	kbins_discretizer	_transform
n4m_pp_kubelka_munk_create	n4m_transform_kubelka_munk_create	preprocessing.signal_conversion.kubelka_munk	transform	kubelka_munk	_create
n4m_pp_kubelka_munk_destroy	n4m_transform_kubelka_munk_destroy	preprocessing.signal_conversion.kubelka_munk	transform	kubelka_munk	_destroy
n4m_pp_kubelka_munk_transform	n4m_transform_kubelka_munk_transform	preprocessing.signal_conversion.kubelka_munk	transform	kubelka_munk	_transform
n4m_pp_local_centering_create	n4m_transform_local_centering_create	preprocessing.scatter.local_centering	transform	local_centering	_create
n4m_pp_local_centering_destroy	n4m_transform_local_centering_destroy	preprocessing.scatter.local_centering	transform	local_centering	_destroy
n4m_pp_local_centering_fit	n4m_transform_local_centering_fit	preprocessing.scatter.local_centering	transform	local_centering	_fit
n4m_pp_local_centering_is_fitted	n4m_transform_local_centering_is_fitted	preprocessing.scatter.local_centering	transform	local_centering	_is_fitted
n4m_pp_local_centering_transform	n4m_transform_local_centering_transform	preprocessing.scatter.local_centering	transform	local_centering	_transform
n4m_pp_localized_msc_create	n4m_transform_localized_msc_create	preprocessing.scatter.localized_msc	transform	localized_msc	_create
n4m_pp_localized_msc_destroy	n4m_transform_localized_msc_destroy	preprocessing.scatter.localized_msc	transform	localized_msc	_destroy
n4m_pp_localized_msc_fit	n4m_transform_localized_msc_fit	preprocessing.scatter.localized_msc	transform	localized_msc	_fit
n4m_pp_localized_msc_is_fitted	n4m_transform_localized_msc_is_fitted	preprocessing.scatter.localized_msc	transform	localized_msc	_is_fitted
n4m_pp_localized_msc_transform	n4m_transform_localized_msc_transform	preprocessing.scatter.localized_msc	transform	localized_msc	_transform
n4m_pp_log_create	n4m_transform_log_transform_create	preprocessing.scaling.log_transform	transform	log_transform	_create
n4m_pp_log_destroy	n4m_transform_log_transform_destroy	preprocessing.scaling.log_transform	transform	log_transform	_destroy
n4m_pp_log_fit	n4m_transform_log_transform_fit	preprocessing.scaling.log_transform	transform	log_transform	_fit
n4m_pp_log_is_fitted	n4m_transform_log_transform_is_fitted	preprocessing.scaling.log_transform	transform	log_transform	_is_fitted
n4m_pp_log_transform	n4m_transform_log_transform_transform	preprocessing.scaling.log_transform	transform	log_transform	_transform
n4m_pp_lsnv_create	n4m_transform_local_snv_create	preprocessing.scatter.local_snv	transform	local_snv	_create
n4m_pp_lsnv_destroy	n4m_transform_local_snv_destroy	preprocessing.scatter.local_snv	transform	local_snv	_destroy
n4m_pp_lsnv_transform	n4m_transform_local_snv_transform	preprocessing.scatter.local_snv	transform	local_snv	_transform
n4m_pp_modpoly_create	n4m_transform_modpoly_create	preprocessing.baselines.modpoly	transform	modpoly	_create
n4m_pp_modpoly_destroy	n4m_transform_modpoly_destroy	preprocessing.baselines.modpoly	transform	modpoly	_destroy
n4m_pp_modpoly_transform	n4m_transform_modpoly_transform	preprocessing.baselines.modpoly	transform	modpoly	_transform
n4m_pp_msc_create	n4m_transform_msc_create	preprocessing.scatter.msc	transform	msc	_create
n4m_pp_msc_destroy	n4m_transform_msc_destroy	preprocessing.scatter.msc	transform	msc	_destroy
n4m_pp_msc_fit	n4m_transform_msc_fit	preprocessing.scatter.msc	transform	msc	_fit
n4m_pp_msc_inverse_transform	n4m_transform_msc_inverse_transform	preprocessing.scatter.msc	transform	msc	_inverse_transform
n4m_pp_msc_is_fitted	n4m_transform_msc_is_fitted	preprocessing.scatter.msc	transform	msc	_is_fitted
n4m_pp_msc_transform	n4m_transform_msc_transform	preprocessing.scatter.msc	transform	msc	_transform
n4m_pp_normalize_create	n4m_transform_normalize_create	preprocessing.scaling.normalize	transform	normalize	_create
n4m_pp_normalize_destroy	n4m_transform_normalize_destroy	preprocessing.scaling.normalize	transform	normalize	_destroy
n4m_pp_normalize_transform	n4m_transform_normalize_transform	preprocessing.scaling.normalize	transform	normalize	_transform
n4m_pp_norris_williams_create	n4m_transform_norris_williams_create	preprocessing.derivatives.norris_williams	transform	norris_williams	_create
n4m_pp_norris_williams_destroy	n4m_transform_norris_williams_destroy	preprocessing.derivatives.norris_williams	transform	norris_williams	_destroy
n4m_pp_norris_williams_transform	n4m_transform_norris_williams_transform	preprocessing.derivatives.norris_williams	transform	norris_williams	_transform
n4m_pp_osc_create	n4m_transform_osc_create	preprocessing.orthogonalization.osc	transform	osc	_create
n4m_pp_osc_destroy	n4m_transform_osc_destroy	preprocessing.orthogonalization.osc	transform	osc	_destroy
n4m_pp_osc_fit	n4m_transform_osc_fit	preprocessing.orthogonalization.osc	transform	osc	_fit
n4m_pp_osc_inverse_transform	n4m_transform_osc_inverse_transform	preprocessing.orthogonalization.osc	transform	osc	_inverse_transform
n4m_pp_osc_is_fitted	n4m_transform_osc_is_fitted	preprocessing.orthogonalization.osc	transform	osc	_is_fitted
n4m_pp_osc_transform	n4m_transform_osc_transform	preprocessing.orthogonalization.osc	transform	osc	_transform
n4m_pp_pct_to_frac_create	n4m_transform_percent_to_fraction_create	preprocessing.signal_conversion.percent_to_fraction	transform	percent_to_fraction	_create
n4m_pp_pct_to_frac_destroy	n4m_transform_percent_to_fraction_destroy	preprocessing.signal_conversion.percent_to_fraction	transform	percent_to_fraction	_destroy
n4m_pp_pct_to_frac_transform	n4m_transform_percent_to_fraction_transform	preprocessing.signal_conversion.percent_to_fraction	transform	percent_to_fraction	_transform
n4m_pp_piecewise_direct_standardization_create	n4m_domain_adaptation_piecewise_direct_standardization_create	preprocessing.transfer.piecewise_direct_standardization	domain_adaptation	piecewise_direct_standardization	_create
n4m_pp_piecewise_direct_standardization_destroy	n4m_domain_adaptation_piecewise_direct_standardization_destroy	preprocessing.transfer.piecewise_direct_standardization	domain_adaptation	piecewise_direct_standardization	_destroy
n4m_pp_piecewise_direct_standardization_fit	n4m_domain_adaptation_piecewise_direct_standardization_fit	preprocessing.transfer.piecewise_direct_standardization	domain_adaptation	piecewise_direct_standardization	_fit
n4m_pp_piecewise_direct_standardization_is_fitted	n4m_domain_adaptation_piecewise_direct_standardization_is_fitted	preprocessing.transfer.piecewise_direct_standardization	domain_adaptation	piecewise_direct_standardization	_is_fitted
n4m_pp_piecewise_direct_standardization_transform	n4m_domain_adaptation_piecewise_direct_standardization_transform	preprocessing.transfer.piecewise_direct_standardization	domain_adaptation	piecewise_direct_standardization	_transform
n4m_pp_piecewise_msc_create	n4m_transform_piecewise_msc_create	preprocessing.scatter.piecewise_msc	transform	piecewise_msc	_create
n4m_pp_piecewise_msc_destroy	n4m_transform_piecewise_msc_destroy	preprocessing.scatter.piecewise_msc	transform	piecewise_msc	_destroy
n4m_pp_piecewise_msc_fit	n4m_transform_piecewise_msc_fit	preprocessing.scatter.piecewise_msc	transform	piecewise_msc	_fit
n4m_pp_piecewise_msc_is_fitted	n4m_transform_piecewise_msc_is_fitted	preprocessing.scatter.piecewise_msc	transform	piecewise_msc	_is_fitted
n4m_pp_piecewise_msc_transform	n4m_transform_piecewise_msc_transform	preprocessing.scatter.piecewise_msc	transform	piecewise_msc	_transform
n4m_pp_piecewise_snv_create	n4m_transform_piecewise_snv_create	preprocessing.scatter.piecewise_snv	transform	piecewise_snv	_create
n4m_pp_piecewise_snv_destroy	n4m_transform_piecewise_snv_destroy	preprocessing.scatter.piecewise_snv	transform	piecewise_snv	_destroy
n4m_pp_piecewise_snv_fit	n4m_transform_piecewise_snv_fit	preprocessing.scatter.piecewise_snv	transform	piecewise_snv	_fit
n4m_pp_piecewise_snv_is_fitted	n4m_transform_piecewise_snv_is_fitted	preprocessing.scatter.piecewise_snv	transform	piecewise_snv	_is_fitted
n4m_pp_piecewise_snv_transform	n4m_transform_piecewise_snv_transform	preprocessing.scatter.piecewise_snv	transform	piecewise_snv	_transform
n4m_pp_range_disc_create	n4m_transform_range_discretizer_create	preprocessing.resampling.range_discretizer	transform	range_discretizer	_create
n4m_pp_range_disc_destroy	n4m_transform_range_discretizer_destroy	preprocessing.resampling.range_discretizer	transform	range_discretizer	_destroy
n4m_pp_range_disc_transform	n4m_transform_range_discretizer_transform	preprocessing.resampling.range_discretizer	transform	range_discretizer	_transform
n4m_pp_resample_create	n4m_transform_resample_transformer_create	preprocessing.resampling.resample_transformer	transform	resample_transformer	_create
n4m_pp_resample_destroy	n4m_transform_resample_transformer_destroy	preprocessing.resampling.resample_transformer	transform	resample_transformer	_destroy
n4m_pp_resample_output_cols	n4m_transform_resample_transformer_output_cols	preprocessing.resampling.resample_transformer	transform	resample_transformer	_output_cols
n4m_pp_resample_transform	n4m_transform_resample_transformer_transform	preprocessing.resampling.resample_transformer	transform	resample_transformer	_transform
n4m_pp_resampler_create	n4m_transform_resampler_create	preprocessing.resampling.resampler	transform	resampler	_create
n4m_pp_resampler_destroy	n4m_transform_resampler_destroy	preprocessing.resampling.resampler	transform	resampler	_destroy
n4m_pp_resampler_fit	n4m_transform_resampler_fit	preprocessing.resampling.resampler	transform	resampler	_fit
n4m_pp_resampler_is_fitted	n4m_transform_resampler_is_fitted	preprocessing.resampling.resampler	transform	resampler	_is_fitted
n4m_pp_resampler_output_cols	n4m_transform_resampler_output_cols	preprocessing.resampling.resampler	transform	resampler	_output_cols
n4m_pp_resampler_transform	n4m_transform_resampler_transform	preprocessing.resampling.resampler	transform	resampler	_transform
n4m_pp_rnv_create	n4m_transform_robust_snv_create	preprocessing.scatter.robust_snv	transform	robust_snv	_create
n4m_pp_rnv_destroy	n4m_transform_robust_snv_destroy	preprocessing.scatter.robust_snv	transform	robust_snv	_destroy
n4m_pp_rnv_transform	n4m_transform_robust_snv_transform	preprocessing.scatter.robust_snv	transform	robust_snv	_transform
n4m_pp_robust_direct_standardization_create	n4m_domain_adaptation_robust_direct_standardization_create	preprocessing.transfer.robust_direct_standardization	domain_adaptation	robust_direct_standardization	_create
n4m_pp_robust_direct_standardization_destroy	n4m_domain_adaptation_robust_direct_standardization_destroy	preprocessing.transfer.robust_direct_standardization	domain_adaptation	robust_direct_standardization	_destroy
n4m_pp_robust_direct_standardization_fit	n4m_domain_adaptation_robust_direct_standardization_fit	preprocessing.transfer.robust_direct_standardization	domain_adaptation	robust_direct_standardization	_fit
n4m_pp_robust_direct_standardization_is_fitted	n4m_domain_adaptation_robust_direct_standardization_is_fitted	preprocessing.transfer.robust_direct_standardization	domain_adaptation	robust_direct_standardization	_is_fitted
n4m_pp_robust_direct_standardization_transform	n4m_domain_adaptation_robust_direct_standardization_transform	preprocessing.transfer.robust_direct_standardization	domain_adaptation	robust_direct_standardization	_transform
n4m_pp_rolling_ball_create	n4m_transform_rolling_ball_create	preprocessing.baselines.rolling_ball	transform	rolling_ball	_create
n4m_pp_rolling_ball_destroy	n4m_transform_rolling_ball_destroy	preprocessing.baselines.rolling_ball	transform	rolling_ball	_destroy
n4m_pp_rolling_ball_transform	n4m_transform_rolling_ball_transform	preprocessing.baselines.rolling_ball	transform	rolling_ball	_transform
n4m_pp_saps_create	n4m_transform_saps_create	preprocessing.baselines.saps	transform	saps	_create
n4m_pp_saps_destroy	n4m_transform_saps_destroy	preprocessing.baselines.saps	transform	saps	_destroy
n4m_pp_saps_fit	n4m_transform_saps_fit	preprocessing.baselines.saps	transform	saps	_fit
n4m_pp_saps_is_fitted	n4m_transform_saps_is_fitted	preprocessing.baselines.saps	transform	saps	_is_fitted
n4m_pp_saps_transform	n4m_transform_saps_transform	preprocessing.baselines.saps	transform	saps	_transform
n4m_pp_savgol_create	n4m_transform_savitzky_golay_create	preprocessing.derivatives.savitzky_golay	transform	savitzky_golay	_create
n4m_pp_savgol_destroy	n4m_transform_savitzky_golay_destroy	preprocessing.derivatives.savitzky_golay	transform	savitzky_golay	_destroy
n4m_pp_savgol_transform	n4m_transform_savitzky_golay_transform	preprocessing.derivatives.savitzky_golay	transform	savitzky_golay	_transform
n4m_pp_second_derivative_create	n4m_transform_second_derivative_create	preprocessing.derivatives.second_derivative	transform	second_derivative	_create
n4m_pp_second_derivative_destroy	n4m_transform_second_derivative_destroy	preprocessing.derivatives.second_derivative	transform	second_derivative	_destroy
n4m_pp_second_derivative_transform	n4m_transform_second_derivative_transform	preprocessing.derivatives.second_derivative	transform	second_derivative	_transform
n4m_pp_simple_scale_create	n4m_transform_simple_scale_create	preprocessing.scaling.simple_scale	transform	simple_scale	_create
n4m_pp_simple_scale_destroy	n4m_transform_simple_scale_destroy	preprocessing.scaling.simple_scale	transform	simple_scale	_destroy
n4m_pp_simple_scale_transform	n4m_transform_simple_scale_transform	preprocessing.scaling.simple_scale	transform	simple_scale	_transform
n4m_pp_slope_bias_create	n4m_domain_adaptation_slope_bias_create	preprocessing.transfer.slope_bias	domain_adaptation	slope_bias	_create
n4m_pp_slope_bias_destroy	n4m_domain_adaptation_slope_bias_destroy	preprocessing.transfer.slope_bias	domain_adaptation	slope_bias	_destroy
n4m_pp_slope_bias_fit	n4m_domain_adaptation_slope_bias_fit	preprocessing.transfer.slope_bias	domain_adaptation	slope_bias	_fit
n4m_pp_slope_bias_is_fitted	n4m_domain_adaptation_slope_bias_is_fitted	preprocessing.transfer.slope_bias	domain_adaptation	slope_bias	_is_fitted
n4m_pp_slope_bias_transform	n4m_domain_adaptation_slope_bias_transform	preprocessing.transfer.slope_bias	domain_adaptation	slope_bias	_transform
n4m_pp_snip_create	n4m_transform_snip_create	preprocessing.baselines.snip	transform	snip	_create
n4m_pp_snip_destroy	n4m_transform_snip_destroy	preprocessing.baselines.snip	transform	snip	_destroy
n4m_pp_snip_transform	n4m_transform_snip_transform	preprocessing.baselines.snip	transform	snip	_transform
n4m_pp_snv_create	n4m_transform_snv_create	preprocessing.scatter.snv	transform	snv	_create
n4m_pp_snv_destroy	n4m_transform_snv_destroy	preprocessing.scatter.snv	transform	snv	_destroy
n4m_pp_snv_transform	n4m_transform_snv_transform	preprocessing.scatter.snv	transform	snv	_transform
n4m_pp_to_absorbance_create	n4m_transform_to_absorbance_create	preprocessing.signal_conversion.to_absorbance	transform	to_absorbance	_create
n4m_pp_to_absorbance_destroy	n4m_transform_to_absorbance_destroy	preprocessing.signal_conversion.to_absorbance	transform	to_absorbance	_destroy
n4m_pp_to_absorbance_transform	n4m_transform_to_absorbance_transform	preprocessing.signal_conversion.to_absorbance	transform	to_absorbance	_transform
n4m_pp_vsn_create	n4m_transform_vsn_create	preprocessing.scatter.vsn	transform	vsn	_create
n4m_pp_vsn_destroy	n4m_transform_vsn_destroy	preprocessing.scatter.vsn	transform	vsn	_destroy
n4m_pp_vsn_fit	n4m_transform_vsn_fit	preprocessing.scatter.vsn	transform	vsn	_fit
n4m_pp_vsn_is_fitted	n4m_transform_vsn_is_fitted	preprocessing.scatter.vsn	transform	vsn	_is_fitted
n4m_pp_vsn_transform	n4m_transform_vsn_transform	preprocessing.scatter.vsn	transform	vsn	_transform
n4m_pp_wavelet_create	n4m_transform_wavelet_create	preprocessing.wavelets.wavelet	transform	wavelet	_create
n4m_pp_wavelet_denoise_create	n4m_transform_wavelet_denoise_create	preprocessing.wavelets.wavelet_denoise	transform	wavelet_denoise	_create
n4m_pp_wavelet_denoise_destroy	n4m_transform_wavelet_denoise_destroy	preprocessing.wavelets.wavelet_denoise	transform	wavelet_denoise	_destroy
n4m_pp_wavelet_denoise_transform	n4m_transform_wavelet_denoise_transform	preprocessing.wavelets.wavelet_denoise	transform	wavelet_denoise	_transform
n4m_pp_wavelet_destroy	n4m_transform_wavelet_destroy	preprocessing.wavelets.wavelet	transform	wavelet	_destroy
n4m_pp_wavelet_features_create	n4m_transform_wavelet_features_create	preprocessing.wavelets.wavelet_features	transform	wavelet_features	_create
n4m_pp_wavelet_features_create_ex	n4m_transform_wavelet_features_create_ex	preprocessing.wavelets.wavelet_features	transform	wavelet_features	_create_ex
n4m_pp_wavelet_features_destroy	n4m_transform_wavelet_features_destroy	preprocessing.wavelets.wavelet_features	transform	wavelet_features	_destroy
n4m_pp_wavelet_features_output_cols	n4m_transform_wavelet_features_output_cols	preprocessing.wavelets.wavelet_features	transform	wavelet_features	_output_cols
n4m_pp_wavelet_features_transform	n4m_transform_wavelet_features_transform	preprocessing.wavelets.wavelet_features	transform	wavelet_features	_transform
n4m_pp_wavelet_output_cols	n4m_transform_wavelet_output_cols	preprocessing.wavelets.wavelet	transform	wavelet	_output_cols
n4m_pp_wavelet_pca_create	n4m_transform_wavelet_pca_create	preprocessing.wavelets.wavelet_pca	transform	wavelet_pca	_create
n4m_pp_wavelet_pca_destroy	n4m_transform_wavelet_pca_destroy	preprocessing.wavelets.wavelet_pca	transform	wavelet_pca	_destroy
n4m_pp_wavelet_pca_fit	n4m_transform_wavelet_pca_fit	preprocessing.wavelets.wavelet_pca	transform	wavelet_pca	_fit
n4m_pp_wavelet_pca_is_fitted	n4m_transform_wavelet_pca_is_fitted	preprocessing.wavelets.wavelet_pca	transform	wavelet_pca	_is_fitted
n4m_pp_wavelet_pca_output_cols	n4m_transform_wavelet_pca_output_cols	preprocessing.wavelets.wavelet_pca	transform	wavelet_pca	_output_cols
n4m_pp_wavelet_pca_transform	n4m_transform_wavelet_pca_transform	preprocessing.wavelets.wavelet_pca	transform	wavelet_pca	_transform
n4m_pp_wavelet_svd_create	n4m_transform_wavelet_svd_create	preprocessing.wavelets.wavelet_svd	transform	wavelet_svd	_create
n4m_pp_wavelet_svd_destroy	n4m_transform_wavelet_svd_destroy	preprocessing.wavelets.wavelet_svd	transform	wavelet_svd	_destroy
n4m_pp_wavelet_svd_fit	n4m_transform_wavelet_svd_fit	preprocessing.wavelets.wavelet_svd	transform	wavelet_svd	_fit
n4m_pp_wavelet_svd_is_fitted	n4m_transform_wavelet_svd_is_fitted	preprocessing.wavelets.wavelet_svd	transform	wavelet_svd	_is_fitted
n4m_pp_wavelet_svd_output_cols	n4m_transform_wavelet_svd_output_cols	preprocessing.wavelets.wavelet_svd	transform	wavelet_svd	_output_cols
n4m_pp_wavelet_svd_transform	n4m_transform_wavelet_svd_transform	preprocessing.wavelets.wavelet_svd	transform	wavelet_svd	_transform
n4m_pp_wavelet_transform	n4m_transform_wavelet_transform	preprocessing.wavelets.wavelet	transform	wavelet	_transform
n4m_pp_weighted_snv_create	n4m_transform_weighted_snv_create	preprocessing.scatter.weighted_snv	transform	weighted_snv	_create
n4m_pp_weighted_snv_destroy	n4m_transform_weighted_snv_destroy	preprocessing.scatter.weighted_snv	transform	weighted_snv	_destroy
n4m_pp_weighted_snv_fit	n4m_transform_weighted_snv_fit	preprocessing.scatter.weighted_snv	transform	weighted_snv	_fit
n4m_pp_weighted_snv_is_fitted	n4m_transform_weighted_snv_is_fitted	preprocessing.scatter.weighted_snv	transform	weighted_snv	_is_fitted
n4m_pp_weighted_snv_transform	n4m_transform_weighted_snv_transform	preprocessing.scatter.weighted_snv	transform	weighted_snv	_transform
n4m_pp_xcorr_align_create	n4m_transform_xcorr_align_create	preprocessing.alignment.xcorr_align	transform	xcorr_align	_create
n4m_pp_xcorr_align_destroy	n4m_transform_xcorr_align_destroy	preprocessing.alignment.xcorr_align	transform	xcorr_align	_destroy
n4m_pp_xcorr_align_fit	n4m_transform_xcorr_align_fit	preprocessing.alignment.xcorr_align	transform	xcorr_align	_fit
n4m_pp_xcorr_align_is_fitted	n4m_transform_xcorr_align_is_fitted	preprocessing.alignment.xcorr_align	transform	xcorr_align	_is_fitted
n4m_pp_xcorr_align_transform	n4m_transform_xcorr_align_transform	preprocessing.alignment.xcorr_align	transform	xcorr_align	_transform
n4m_pso_select	n4m_feature_selection_pso_select	selection.pso	feature_selection	pso	_select
n4m_random_frog_select	n4m_feature_selection_random_frog_select	selection.random_frog	feature_selection	random_frog	_select
n4m_random_subspace_pls_fit	n4m_ensemble_random_subspace_pls_fit	models.ensembles.random_subspace_pls	ensemble	random_subspace_pls	_fit
n4m_randomization_select	n4m_feature_selection_randomization_select	selection.randomization	feature_selection	randomization	_select
n4m_recursive_pls_run	n4m_estimators_recursive_pls_run	models.specialized.recursive	estimators	recursive_pls	_run
n4m_rep_select	n4m_feature_selection_rep_select	selection.rep	feature_selection	rep	_select
n4m_ridge_fit	n4m_estimators_ridge_fit	models.regularized.ridge	estimators	ridge	_fit
n4m_ridge_pls_fit	n4m_estimators_ridge_pls_fit	models.regularized.ridge_pls	estimators	ridge_pls	_fit
n4m_robust_pls_fit	n4m_estimators_robust_pls_fit	models.regularized.robust_pls	estimators	robust_pls	_fit
n4m_rosa_fit	n4m_estimators_rosa_fit	models.multiblock.rosa	estimators	rosa	_fit
n4m_scars_select	n4m_feature_selection_scars_select	selection.scars	feature_selection	scars	_select
n4m_shaving_select	n4m_feature_selection_shaving_select	selection.shaving	feature_selection	shaving	_select
n4m_signal_detect	n4m_transform_signal_type_detector	utilities.signal_type_detector	transform	signal_type_detector	
n4m_sipls_select	n4m_feature_selection_sipls_select	selection.sipls	feature_selection	sipls	_select
n4m_so_pls_fit	n4m_estimators_so_pls_fit	models.multiblock.so_pls	estimators	so_pls	_fit
n4m_spa_select	n4m_feature_selection_spa_select	selection.spa	feature_selection	spa	_select
n4m_sparse_pls_da_fit	n4m_estimators_sparse_pls_da_fit	models.sparse.sparse_pls_da	estimators	sparse_pls_da	_fit
n4m_sparse_simpls_fit	n4m_estimators_sparse_simpls_fit	models.sparse.sparse_simpls	estimators	sparse_simpls	_fit
n4m_split_binned_strat_group_kfold_create	n4m_model_selection_binned_strat_group_kfold_create	splitters.binned_strat_group_kfold	model_selection	binned_strat_group_kfold	_create
n4m_split_binned_strat_group_kfold_destroy	n4m_model_selection_binned_strat_group_kfold_destroy	splitters.binned_strat_group_kfold	model_selection	binned_strat_group_kfold	_destroy
n4m_split_binned_strat_group_kfold_n_splits	n4m_model_selection_binned_strat_group_kfold_n_splits	splitters.binned_strat_group_kfold	model_selection	binned_strat_group_kfold	_n_splits
n4m_split_binned_strat_group_kfold_split_fold	n4m_model_selection_binned_strat_group_kfold_split_fold	splitters.binned_strat_group_kfold	model_selection	binned_strat_group_kfold	_split_fold
n4m_split_kbins_stratified_create	n4m_model_selection_kbins_stratified_create	splitters.kbins_stratified	model_selection	kbins_stratified	_create
n4m_split_kbins_stratified_destroy	n4m_model_selection_kbins_stratified_destroy	splitters.kbins_stratified	model_selection	kbins_stratified	_destroy
n4m_split_kbins_stratified_split	n4m_model_selection_kbins_stratified_split	splitters.kbins_stratified	model_selection	kbins_stratified	_split
n4m_split_kennard_stone_create	n4m_model_selection_kennard_stone_create	splitters.kennard_stone	model_selection	kennard_stone	_create
n4m_split_kennard_stone_destroy	n4m_model_selection_kennard_stone_destroy	splitters.kennard_stone	model_selection	kennard_stone	_destroy
n4m_split_kennard_stone_split	n4m_model_selection_kennard_stone_split	splitters.kennard_stone	model_selection	kennard_stone	_split
n4m_split_kmeans_create	n4m_model_selection_kmeans_create	splitters.kmeans	model_selection	kmeans	_create
n4m_split_kmeans_destroy	n4m_model_selection_kmeans_destroy	splitters.kmeans	model_selection	kmeans	_destroy
n4m_split_kmeans_split	n4m_model_selection_kmeans_split	splitters.kmeans	model_selection	kmeans	_split
n4m_split_split_splitter_create	n4m_model_selection_data_twinning_create	splitters.split_splitter	model_selection	data_twinning	_create
n4m_split_split_splitter_destroy	n4m_model_selection_data_twinning_destroy	splitters.split_splitter	model_selection	data_twinning	_destroy
n4m_split_split_splitter_split	n4m_model_selection_data_twinning_split	splitters.split_splitter	model_selection	data_twinning	_split
n4m_split_spxy_create	n4m_model_selection_spxy_create	splitters.spxy	model_selection	spxy	_create
n4m_split_spxy_destroy	n4m_model_selection_spxy_destroy	splitters.spxy	model_selection	spxy	_destroy
n4m_split_spxy_fold_create	n4m_model_selection_spxy_fold_create	splitters.spxy_fold	model_selection	spxy_fold	_create
n4m_split_spxy_fold_destroy	n4m_model_selection_spxy_fold_destroy	splitters.spxy_fold	model_selection	spxy_fold	_destroy
n4m_split_spxy_fold_n_splits	n4m_model_selection_spxy_fold_n_splits	splitters.spxy_fold	model_selection	spxy_fold	_n_splits
n4m_split_spxy_fold_split_fold	n4m_model_selection_spxy_fold_split_fold	splitters.spxy_fold	model_selection	spxy_fold	_split_fold
n4m_split_spxy_g_fold_create	n4m_model_selection_spxy_g_fold_create	splitters.spxy_g_fold	model_selection	spxy_g_fold	_create
n4m_split_spxy_g_fold_destroy	n4m_model_selection_spxy_g_fold_destroy	splitters.spxy_g_fold	model_selection	spxy_g_fold	_destroy
n4m_split_spxy_g_fold_n_splits	n4m_model_selection_spxy_g_fold_n_splits	splitters.spxy_g_fold	model_selection	spxy_g_fold	_n_splits
n4m_split_spxy_g_fold_split_fold	n4m_model_selection_spxy_g_fold_split_fold	splitters.spxy_g_fold	model_selection	spxy_g_fold	_split_fold
n4m_split_spxy_split	n4m_model_selection_spxy_split	splitters.spxy	model_selection	spxy	_split
n4m_split_systematic_circular_create	n4m_model_selection_systematic_circular_create	splitters.systematic_circular	model_selection	systematic_circular	_create
n4m_split_systematic_circular_destroy	n4m_model_selection_systematic_circular_destroy	splitters.systematic_circular	model_selection	systematic_circular	_destroy
n4m_split_systematic_circular_split	n4m_model_selection_systematic_circular_split	splitters.systematic_circular	model_selection	systematic_circular	_split
n4m_st_select	n4m_feature_selection_st_select	selection.st	feature_selection	st	_select
n4m_stability_select	n4m_feature_selection_stability_select	selection.stability	feature_selection	stability	_select
n4m_sweep_run	n4m_model_selection_sweep_run	utilities.sweep	model_selection	sweep	_run
n4m_t2_select	n4m_feature_selection_t2_select	selection.t2	feature_selection	t2	_select
n4m_transfer_metrics_compute	n4m_domain_adaptation_transfer_metrics_compute	utilities.transfer_metrics	domain_adaptation	transfer_metrics	_compute
n4m_util_hotelling_t2	n4m_outlier_detection_hotelling_t2	utilities.hotelling_t2	outlier_detection	hotelling_t2	
n4m_util_q_residuals	n4m_outlier_detection_q_residuals	utilities.q_residuals	outlier_detection	q_residuals	
n4m_uve_select	n4m_feature_selection_uve_select	selection.uve	feature_selection	uve	_select
n4m_variable_select_rank	n4m_feature_selection_variable_select_rank	selection.variable_select	feature_selection	variable_select	_rank
n4m_vip_spa_select	n4m_feature_selection_vip_spa_select	selection.vip_spa	feature_selection	vip_spa	_select
n4m_vissa_select	n4m_feature_selection_vissa_select	selection.vissa	feature_selection	vissa	_select
n4m_weighted_pls_fit	n4m_estimators_weighted_pls_fit	models.regularized.weighted_pls	estimators	weighted_pls	_fit
n4m_wvc_select	n4m_feature_selection_wvc_select	selection.wvc	feature_selection	wvc	_select
n4m_wvc_threshold_select	n4m_feature_selection_wvc_threshold_select	selection.wvc_threshold	feature_selection	wvc_threshold	_select
