dataset_key,database_name,dataset,selected_head,plan,heads,group_kind,group,n_candidates,best_score,mean_score,median_score,best_rank,mean_rank,improvement_vs_identity,selected_model_config_id,scale_x,selection_uses_test_set
BEEFMARBLING/Beef_Marbling_RandomSplit,BEEFMARBLING,Beef_Marbling_RandomSplit,ridge,compact,"ridge,pls",by_operator,norris_williams,2,72.09612491682333,72.25523988864208,72.25523988864208,1,1.5,,1,True,False
BEEFMARBLING/Beef_Marbling_RandomSplit,BEEFMARBLING,Beef_Marbling_RandomSplit,ridge,compact,"ridge,pls",by_operator,detrend_poly,4,72.09612491682333,76.02065209125581,72.49295172270448,1,4.25,,1,True,False
BEEFMARBLING/Beef_Marbling_RandomSplit,BEEFMARBLING,Beef_Marbling_RandomSplit,ridge,compact,"ridge,pls",by_operator,savgol_derivative,4,72.43409304676803,77.50551090510959,75.29368528543968,3,5.5,,1,True,False
BEEFMARBLING/Beef_Marbling_RandomSplit,BEEFMARBLING,Beef_Marbling_RandomSplit,ridge,compact,"ridge,pls",by_operator,finite_difference,1,72.55497699139765,72.55497699139765,72.55497699139765,6,6.0,,1,True,False
BEEFMARBLING/Beef_Marbling_RandomSplit,BEEFMARBLING,Beef_Marbling_RandomSplit,ridge,compact,"ridge,pls",by_operator,savgol_smooth,1,72.55497699139765,72.55497699139765,72.55497699139765,6,6.0,,1,True,False
BEEFMARBLING/Beef_Marbling_RandomSplit,BEEFMARBLING,Beef_Marbling_RandomSplit,ridge,compact,"ridge,pls",by_stage_family,baseline,4,72.09612491682333,76.02065209125581,72.49295172270448,1,4.25,,1,True,False
BEEFMARBLING/Beef_Marbling_RandomSplit,BEEFMARBLING,Beef_Marbling_RandomSplit,ridge,compact,"ridge,pls",by_stage_family,derivative,7,72.09612491682333,75.29821434130288,72.47075335761748,1,4.428571428571429,,1,True,False
BEEFMARBLING/Beef_Marbling_RandomSplit,BEEFMARBLING,Beef_Marbling_RandomSplit,ridge,compact,"ridge,pls",by_stage_family,smooth,1,72.55497699139765,72.55497699139765,72.55497699139765,6,6.0,,1,True,False
BEEFMARBLING/Beef_Marbling_RandomSplit,BEEFMARBLING,Beef_Marbling_RandomSplit,ridge,compact,"ridge,pls",by_stage_option,"derivative|norris_williams(5,5,1)",2,72.09612491682333,72.25523988864208,72.25523988864208,1,1.5,,1,True,False
BEEFMARBLING/Beef_Marbling_RandomSplit,BEEFMARBLING,Beef_Marbling_RandomSplit,ridge,compact,"ridge,pls",by_stage_option,baseline|detrend_poly(1),3,72.09612491682333,77.17693265546076,72.43409304676803,1,4.0,,1,True,False
BEEFMARBLING/Beef_Marbling_RandomSplit,BEEFMARBLING,Beef_Marbling_RandomSplit,ridge,compact,"ridge,pls",by_stage_option,"derivative|savgol_derivative(7,2,1)",3,72.43409304676803,77.30180880239216,72.47075335761748,3,5.0,,1,True,False
BEEFMARBLING/Beef_Marbling_RandomSplit,BEEFMARBLING,Beef_Marbling_RandomSplit,ridge,compact,"ridge,pls",by_stage_option,baseline|detrend_poly(2),1,72.55181039864092,72.55181039864092,72.55181039864092,5,5.0,,1,True,False
BEEFMARBLING/Beef_Marbling_RandomSplit,BEEFMARBLING,Beef_Marbling_RandomSplit,ridge,compact,"ridge,pls",by_stage_option,derivative|finite_difference(1),1,72.55497699139765,72.55497699139765,72.55497699139765,6,6.0,,1,True,False
BEEFMARBLING/Beef_Marbling_RandomSplit,BEEFMARBLING,Beef_Marbling_RandomSplit,ridge,compact,"ridge,pls",by_stage_option,"smooth|savgol_smooth(5,2)",1,72.55497699139765,72.55497699139765,72.55497699139765,6,6.0,,1,True,False
BEEFMARBLING/Beef_Marbling_RandomSplit,BEEFMARBLING,Beef_Marbling_RandomSplit,ridge,compact,"ridge,pls",by_stage_option,"derivative|savgol_derivative(11,2,2)",1,78.11661721326188,78.11661721326188,78.11661721326188,7,7.0,,1,True,False
BEEFMARBLING/Beef_Marbling_RandomSplit,BEEFMARBLING,Beef_Marbling_RandomSplit,ridge,compact,"ridge,pls",by_head_stage_option,"ridge|derivative|norris_williams(5,5,1)",2,72.09612491682333,72.25523988864208,72.25523988864208,1,1.5,,1,True,False
BEEFMARBLING/Beef_Marbling_RandomSplit,BEEFMARBLING,Beef_Marbling_RandomSplit,ridge,compact,"ridge,pls",by_head_stage_option,ridge|baseline|detrend_poly(1),2,72.09612491682333,72.26510898179568,72.26510898179568,1,2.0,,1,True,False
BEEFMARBLING/Beef_Marbling_RandomSplit,BEEFMARBLING,Beef_Marbling_RandomSplit,ridge,compact,"ridge,pls",by_head_stage_option,"ridge|derivative|savgol_derivative(7,2,1)",2,72.43409304676803,72.45242320219276,72.45242320219276,3,3.5,,1,True,False
BEEFMARBLING/Beef_Marbling_RandomSplit,BEEFMARBLING,Beef_Marbling_RandomSplit,ridge,compact,"ridge,pls",by_head_stage_option,ridge|baseline|detrend_poly(2),1,72.55181039864092,72.55181039864092,72.55181039864092,5,5.0,,1,True,False
BEEFMARBLING/Beef_Marbling_RandomSplit,BEEFMARBLING,Beef_Marbling_RandomSplit,ridge,compact,"ridge,pls",by_head_stage_option,ridge|derivative|finite_difference(1),1,72.55497699139765,72.55497699139765,72.55497699139765,6,6.0,,1,True,False
BEEFMARBLING/Beef_Marbling_RandomSplit,BEEFMARBLING,Beef_Marbling_RandomSplit,ridge,compact,"ridge,pls",by_head_stage_option,"ridge|smooth|savgol_smooth(5,2)",1,72.55497699139765,72.55497699139765,72.55497699139765,6,6.0,,1,True,False
BEEFMARBLING/Beef_Marbling_RandomSplit,BEEFMARBLING,Beef_Marbling_RandomSplit,ridge,compact,"ridge,pls",by_head_stage_option,"pls|derivative|savgol_derivative(11,2,2)",1,78.11661721326188,78.11661721326188,78.11661721326188,7,7.0,,1,True,False
BEEFMARBLING/Beef_Marbling_RandomSplit,BEEFMARBLING,Beef_Marbling_RandomSplit,ridge,compact,"ridge,pls",by_head_stage_option,pls|baseline|detrend_poly(1),1,87.00058000279094,87.00058000279094,87.00058000279094,8,8.0,,1,True,False
BEEFMARBLING/Beef_Marbling_RandomSplit,BEEFMARBLING,Beef_Marbling_RandomSplit,ridge,compact,"ridge,pls",by_head_stage_option,"pls|derivative|savgol_derivative(7,2,1)",1,87.00058000279094,87.00058000279094,87.00058000279094,8,8.0,,1,True,False
DIESEL/DIESEL_bp50_246_b-a,DIESEL,DIESEL_bp50_246_b-a,ridge,compact,"ridge,pls",by_operator,detrend_poly,3,3.08788515762756,3.199724895046566,3.166517905925095,1,2.3333333333333335,,1,True,False
DIESEL/DIESEL_bp50_246_b-a,DIESEL,DIESEL_bp50_246_b-a,ridge,compact,"ridge,pls",by_operator,norris_williams,2,3.2430192829810633,3.293895452284053,3.293895452284053,3,3.5,,1,True,False
DIESEL/DIESEL_bp50_246_b-a,DIESEL,DIESEL_bp50_246_b-a,ridge,compact,"ridge,pls",by_operator,savgol_derivative,2,3.516284877900353,5.533163709230168,5.533163709230168,5,6.0,,1,True,False
DIESEL/DIESEL_bp50_246_b-a,DIESEL,DIESEL_bp50_246_b-a,ridge,compact,"ridge,pls",by_operator,savgol_smooth,2,3.6098444915320567,5.7282317819938875,5.7282317819938875,6,7.0,,1,True,False
DIESEL/DIESEL_bp50_246_b-a,DIESEL,DIESEL_bp50_246_b-a,ridge,compact,"ridge,pls",by_operator,finite_difference,1,7.846619072455717,7.846619072455717,7.846619072455717,8,8.0,,1,True,False
DIESEL/DIESEL_bp50_246_b-a,DIESEL,DIESEL_bp50_246_b-a,ridge,compact,"ridge,pls",by_stage_family,baseline,3,3.08788515762756,3.199724895046566,3.166517905925095,1,2.3333333333333335,,1,True,False
DIESEL/DIESEL_bp50_246_b-a,DIESEL,DIESEL_bp50_246_b-a,ridge,compact,"ridge,pls",by_stage_family,derivative,5,3.2430192829810633,5.100147479096831,3.516284877900353,3,5.4,,1,True,False
DIESEL/DIESEL_bp50_246_b-a,DIESEL,DIESEL_bp50_246_b-a,ridge,compact,"ridge,pls",by_stage_family,smooth,2,3.6098444915320567,5.7282317819938875,5.7282317819938875,6,7.0,,1,True,False
DIESEL/DIESEL_bp50_246_b-a,DIESEL,DIESEL_bp50_246_b-a,ridge,compact,"ridge,pls",by_stage_option,baseline|detrend_poly(1),2,3.08788515762756,3.216328389607301,3.216328389607301,1,2.5,,1,True,False
DIESEL/DIESEL_bp50_246_b-a,DIESEL,DIESEL_bp50_246_b-a,ridge,compact,"ridge,pls",by_stage_option,baseline|detrend_poly(2),1,3.166517905925095,3.166517905925095,3.166517905925095,2,2.0,,1,True,False
DIESEL/DIESEL_bp50_246_b-a,DIESEL,DIESEL_bp50_246_b-a,ridge,compact,"ridge,pls",by_stage_option,"derivative|norris_williams(5,5,1)",2,3.2430192829810633,3.293895452284053,3.293895452284053,3,3.5,,1,True,False
DIESEL/DIESEL_bp50_246_b-a,DIESEL,DIESEL_bp50_246_b-a,ridge,compact,"ridge,pls",by_stage_option,"derivative|savgol_derivative(7,2,1)",1,3.516284877900353,3.516284877900353,3.516284877900353,5,5.0,,1,True,False
DIESEL/DIESEL_bp50_246_b-a,DIESEL,DIESEL_bp50_246_b-a,ridge,compact,"ridge,pls",by_stage_option,"smooth|savgol_smooth(7,2)",1,3.6098444915320567,3.6098444915320567,3.6098444915320567,6,6.0,,1,True,False
DIESEL/DIESEL_bp50_246_b-a,DIESEL,DIESEL_bp50_246_b-a,ridge,compact,"ridge,pls",by_stage_option,"derivative|savgol_derivative(11,2,2)",1,7.550042540559983,7.550042540559983,7.550042540559983,7,7.0,,1,True,False
DIESEL/DIESEL_bp50_246_b-a,DIESEL,DIESEL_bp50_246_b-a,ridge,compact,"ridge,pls",by_stage_option,derivative|finite_difference(1),1,7.846619072455717,7.846619072455717,7.846619072455717,8,8.0,,1,True,False
DIESEL/DIESEL_bp50_246_b-a,DIESEL,DIESEL_bp50_246_b-a,ridge,compact,"ridge,pls",by_stage_option,"smooth|savgol_smooth(5,2)",1,7.846619072455717,7.846619072455717,7.846619072455717,8,8.0,,1,True,False
DIESEL/DIESEL_bp50_246_b-a,DIESEL,DIESEL_bp50_246_b-a,ridge,compact,"ridge,pls",by_head_stage_option,ridge|baseline|detrend_poly(1),2,3.08788515762756,3.216328389607301,3.216328389607301,1,2.5,,1,True,False
DIESEL/DIESEL_bp50_246_b-a,DIESEL,DIESEL_bp50_246_b-a,ridge,compact,"ridge,pls",by_head_stage_option,ridge|baseline|detrend_poly(2),1,3.166517905925095,3.166517905925095,3.166517905925095,2,2.0,,1,True,False
DIESEL/DIESEL_bp50_246_b-a,DIESEL,DIESEL_bp50_246_b-a,ridge,compact,"ridge,pls",by_head_stage_option,"ridge|derivative|norris_williams(5,5,1)",2,3.2430192829810633,3.293895452284053,3.293895452284053,3,3.5,,1,True,False
DIESEL/DIESEL_bp50_246_b-a,DIESEL,DIESEL_bp50_246_b-a,ridge,compact,"ridge,pls",by_head_stage_option,"ridge|derivative|savgol_derivative(7,2,1)",1,3.516284877900353,3.516284877900353,3.516284877900353,5,5.0,,1,True,False
DIESEL/DIESEL_bp50_246_b-a,DIESEL,DIESEL_bp50_246_b-a,ridge,compact,"ridge,pls",by_head_stage_option,"ridge|smooth|savgol_smooth(7,2)",1,3.6098444915320567,3.6098444915320567,3.6098444915320567,6,6.0,,1,True,False
DIESEL/DIESEL_bp50_246_b-a,DIESEL,DIESEL_bp50_246_b-a,ridge,compact,"ridge,pls",by_head_stage_option,"pls|derivative|savgol_derivative(11,2,2)",1,7.550042540559983,7.550042540559983,7.550042540559983,7,7.0,,1,True,False
DIESEL/DIESEL_bp50_246_b-a,DIESEL,DIESEL_bp50_246_b-a,ridge,compact,"ridge,pls",by_head_stage_option,pls|derivative|finite_difference(1),1,7.846619072455717,7.846619072455717,7.846619072455717,8,8.0,,1,True,False
DIESEL/DIESEL_bp50_246_b-a,DIESEL,DIESEL_bp50_246_b-a,ridge,compact,"ridge,pls",by_head_stage_option,"pls|smooth|savgol_smooth(5,2)",1,7.846619072455717,7.846619072455717,7.846619072455717,8,8.0,,1,True,False
DIESEL/DIESEL_bp50_246_hla-b,DIESEL,DIESEL_bp50_246_hla-b,ridge,compact,"ridge,pls",by_operator,detrend_poly,3,3.9599077693924336,4.039506841020866,3.9938794708609917,1,2.0,0.27435019124695614,1,True,False
DIESEL/DIESEL_bp50_246_hla-b,DIESEL,DIESEL_bp50_246_hla-b,ridge,compact,"ridge,pls",by_operator,finite_difference,3,4.176333944697804,5.505361509291773,4.219117931011467,4,5.666666666666667,0.057924015941585694,1,True,False
DIESEL/DIESEL_bp50_246_hla-b,DIESEL,DIESEL_bp50_246_hla-b,ridge,compact,"ridge,pls",by_operator,savgol_smooth,1,4.219117931011467,4.219117931011467,4.219117931011467,5,5.0,0.015140029627922935,1,True,False
DIESEL/DIESEL_bp50_246_hla-b,DIESEL,DIESEL_bp50_246_hla-b,ridge,compact,"ridge,pls",by_operator,identity,1,4.23425796063939,4.23425796063939,4.23425796063939,6,6.0,0.0,1,True,False
DIESEL/DIESEL_bp50_246_hla-b,DIESEL,DIESEL_bp50_246_hla-b,ridge,compact,"ridge,pls",by_operator,savgol_derivative,1,7.502529623871299,7.502529623871299,7.502529623871299,7,7.0,-3.268271663231909,1,True,False
DIESEL/DIESEL_bp50_246_hla-b,DIESEL,DIESEL_bp50_246_hla-b,ridge,compact,"ridge,pls",by_stage_family,baseline,3,3.9599077693924336,4.039506841020866,3.9938794708609917,1,2.0,0.27435019124695614,1,True,False
DIESEL/DIESEL_bp50_246_hla-b,DIESEL,DIESEL_bp50_246_hla-b,ridge,compact,"ridge,pls",by_stage_family,derivative,4,4.176333944697804,6.004653537936655,5.860823777441382,4,6.0,0.057924015941585694,1,True,False
DIESEL/DIESEL_bp50_246_hla-b,DIESEL,DIESEL_bp50_246_hla-b,ridge,compact,"ridge,pls",by_stage_family,smooth,1,4.219117931011467,4.219117931011467,4.219117931011467,5,5.0,0.015140029627922935,1,True,False
DIESEL/DIESEL_bp50_246_hla-b,DIESEL,DIESEL_bp50_246_hla-b,ridge,compact,"ridge,pls",by_stage_family,identity,1,4.23425796063939,4.23425796063939,4.23425796063939,6,6.0,0.0,1,True,False
DIESEL/DIESEL_bp50_246_hla-b,DIESEL,DIESEL_bp50_246_hla-b,ridge,compact,"ridge,pls",by_stage_option,baseline|detrend_poly(2),1,3.9599077693924336,3.9599077693924336,3.9599077693924336,1,1.0,0.27435019124695614,1,True,False
DIESEL/DIESEL_bp50_246_hla-b,DIESEL,DIESEL_bp50_246_hla-b,ridge,compact,"ridge,pls",by_stage_option,baseline|detrend_poly(1),2,3.9938794708609917,4.079306376835081,4.079306376835081,2,2.5,0.24037848977839804,1,True,False
DIESEL/DIESEL_bp50_246_hla-b,DIESEL,DIESEL_bp50_246_hla-b,ridge,compact,"ridge,pls",by_stage_option,derivative|finite_difference(1),3,4.176333944697804,5.505361509291773,4.219117931011467,4,5.666666666666667,0.057924015941585694,1,True,False
DIESEL/DIESEL_bp50_246_hla-b,DIESEL,DIESEL_bp50_246_hla-b,ridge,compact,"ridge,pls",by_stage_option,"smooth|savgol_smooth(5,2)",1,4.219117931011467,4.219117931011467,4.219117931011467,5,5.0,0.015140029627922935,1,True,False
DIESEL/DIESEL_bp50_246_hla-b,DIESEL,DIESEL_bp50_246_hla-b,ridge,compact,"ridge,pls",by_stage_option,identity|identity,1,4.23425796063939,4.23425796063939,4.23425796063939,6,6.0,0.0,1,True,False
DIESEL/DIESEL_bp50_246_hla-b,DIESEL,DIESEL_bp50_246_hla-b,ridge,compact,"ridge,pls",by_stage_option,"derivative|savgol_derivative(11,2,2)",1,7.502529623871299,7.502529623871299,7.502529623871299,7,7.0,-3.268271663231909,1,True,False
DIESEL/DIESEL_bp50_246_hla-b,DIESEL,DIESEL_bp50_246_hla-b,ridge,compact,"ridge,pls",by_head_stage_option,ridge|baseline|detrend_poly(2),1,3.9599077693924336,3.9599077693924336,3.9599077693924336,1,1.0,0.27435019124695614,1,True,False
DIESEL/DIESEL_bp50_246_hla-b,DIESEL,DIESEL_bp50_246_hla-b,ridge,compact,"ridge,pls",by_head_stage_option,ridge|baseline|detrend_poly(1),2,3.9938794708609917,4.079306376835081,4.079306376835081,2,2.5,0.24037848977839804,1,True,False
DIESEL/DIESEL_bp50_246_hla-b,DIESEL,DIESEL_bp50_246_hla-b,ridge,compact,"ridge,pls",by_head_stage_option,ridge|derivative|finite_difference(1),2,4.176333944697804,4.197725937854635,4.197725937854635,4,4.5,0.057924015941585694,1,True,False
DIESEL/DIESEL_bp50_246_hla-b,DIESEL,DIESEL_bp50_246_hla-b,ridge,compact,"ridge,pls",by_head_stage_option,"ridge|smooth|savgol_smooth(5,2)",1,4.219117931011467,4.219117931011467,4.219117931011467,5,5.0,0.015140029627922935,1,True,False
DIESEL/DIESEL_bp50_246_hla-b,DIESEL,DIESEL_bp50_246_hla-b,ridge,compact,"ridge,pls",by_head_stage_option,ridge|identity|identity,1,4.23425796063939,4.23425796063939,4.23425796063939,6,6.0,0.0,1,True,False
DIESEL/DIESEL_bp50_246_hla-b,DIESEL,DIESEL_bp50_246_hla-b,ridge,compact,"ridge,pls",by_head_stage_option,"pls|derivative|savgol_derivative(11,2,2)",1,7.502529623871299,7.502529623871299,7.502529623871299,7,7.0,-3.268271663231909,1,True,False
DIESEL/DIESEL_bp50_246_hla-b,DIESEL,DIESEL_bp50_246_hla-b,ridge,compact,"ridge,pls",by_head_stage_option,pls|derivative|finite_difference(1),1,8.120632652166048,8.120632652166048,8.120632652166048,8,8.0,-3.886374691526658,1,True,False
ECOSIS_LeafTraits/Chla+b_spxyG_block2deg,ECOSIS_LeafTraits,Chla+b_spxyG_block2deg,ridge,compact,"ridge,pls",by_operator,savgol_smooth,2,63.0871183090006,63.12575758905716,63.12575758905716,1,1.5,0.13016499212596244,0,False,False
ECOSIS_LeafTraits/Chla+b_spxyG_block2deg,ECOSIS_LeafTraits,Chla+b_spxyG_block2deg,ridge,compact,"ridge,pls",by_operator,identity,2,63.217283301126564,63.74766041276452,63.74766041276452,3,4.5,0.0,0,False,False
ECOSIS_LeafTraits/Chla+b_spxyG_block2deg,ECOSIS_LeafTraits,Chla+b_spxyG_block2deg,ridge,compact,"ridge,pls",by_operator,detrend_poly,4,63.93887667864887,64.86006694752014,64.90365686118301,4,6.0,-0.7215933775223036,0,False,False
ECOSIS_LeafTraits/Chla+b_spxyG_block2deg,ECOSIS_LeafTraits,Chla+b_spxyG_block2deg,ridge,compact,"ridge,pls",by_stage_family,smooth,2,63.0871183090006,63.12575758905716,63.12575758905716,1,1.5,0.13016499212596244,0,False,False
ECOSIS_LeafTraits/Chla+b_spxyG_block2deg,ECOSIS_LeafTraits,Chla+b_spxyG_block2deg,ridge,compact,"ridge,pls",by_stage_family,identity,2,63.217283301126564,63.74766041276452,63.74766041276452,3,4.5,0.0,0,False,False
ECOSIS_LeafTraits/Chla+b_spxyG_block2deg,ECOSIS_LeafTraits,Chla+b_spxyG_block2deg,ridge,compact,"ridge,pls",by_stage_family,baseline,4,63.93887667864887,64.86006694752014,64.90365686118301,4,6.0,-0.7215933775223036,0,False,False
ECOSIS_LeafTraits/Chla+b_spxyG_block2deg,ECOSIS_LeafTraits,Chla+b_spxyG_block2deg,ridge,compact,"ridge,pls",by_stage_option,"smooth|savgol_smooth(7,2)",1,63.0871183090006,63.0871183090006,63.0871183090006,1,1.0,0.13016499212596244,0,False,False
ECOSIS_LeafTraits/Chla+b_spxyG_block2deg,ECOSIS_LeafTraits,Chla+b_spxyG_block2deg,ridge,compact,"ridge,pls",by_stage_option,"smooth|savgol_smooth(5,2)",1,63.16439686911372,63.16439686911372,63.16439686911372,2,2.0,0.0528864320128406,0,False,False
ECOSIS_LeafTraits/Chla+b_spxyG_block2deg,ECOSIS_LeafTraits,Chla+b_spxyG_block2deg,ridge,compact,"ridge,pls",by_stage_option,identity|identity,2,63.217283301126564,63.74766041276452,63.74766041276452,3,4.5,0.0,0,False,False
ECOSIS_LeafTraits/Chla+b_spxyG_block2deg,ECOSIS_LeafTraits,Chla+b_spxyG_block2deg,ridge,compact,"ridge,pls",by_stage_option,baseline|detrend_poly(1),3,63.93887667864887,64.61835540434505,64.22211214532066,4,5.666666666666667,-0.7215933775223036,0,False,False
ECOSIS_LeafTraits/Chla+b_spxyG_block2deg,ECOSIS_LeafTraits,Chla+b_spxyG_block2deg,ridge,compact,"ridge,pls",by_stage_option,baseline|detrend_poly(2),1,65.58520157704535,65.58520157704535,65.58520157704535,7,7.0,-2.3679182759187896,0,False,False
ECOSIS_LeafTraits/Chla+b_spxyG_block2deg,ECOSIS_LeafTraits,Chla+b_spxyG_block2deg,ridge,compact,"ridge,pls",by_head_stage_option,"ridge|smooth|savgol_smooth(7,2)",1,63.0871183090006,63.0871183090006,63.0871183090006,1,1.0,0.13016499212596244,0,False,False
ECOSIS_LeafTraits/Chla+b_spxyG_block2deg,ECOSIS_LeafTraits,Chla+b_spxyG_block2deg,ridge,compact,"ridge,pls",by_head_stage_option,"ridge|smooth|savgol_smooth(5,2)",1,63.16439686911372,63.16439686911372,63.16439686911372,2,2.0,0.0528864320128406,0,False,False
ECOSIS_LeafTraits/Chla+b_spxyG_block2deg,ECOSIS_LeafTraits,Chla+b_spxyG_block2deg,ridge,compact,"ridge,pls",by_head_stage_option,ridge|identity|identity,2,63.217283301126564,63.74766041276452,63.74766041276452,3,4.5,0.0,0,False,False
ECOSIS_LeafTraits/Chla+b_spxyG_block2deg,ECOSIS_LeafTraits,Chla+b_spxyG_block2deg,ridge,compact,"ridge,pls",by_head_stage_option,ridge|baseline|detrend_poly(1),2,63.93887667864887,64.08049441198477,64.08049441198477,4,4.5,-0.7215933775223036,0,False,False
ECOSIS_LeafTraits/Chla+b_spxyG_block2deg,ECOSIS_LeafTraits,Chla+b_spxyG_block2deg,ridge,compact,"ridge,pls",by_head_stage_option,pls|baseline|detrend_poly(2),1,65.58520157704535,65.58520157704535,65.58520157704535,7,7.0,-2.3679182759187896,0,False,False
ECOSIS_LeafTraits/Chla+b_spxyG_block2deg,ECOSIS_LeafTraits,Chla+b_spxyG_block2deg,ridge,compact,"ridge,pls",by_head_stage_option,pls|baseline|detrend_poly(1),1,65.69407738906564,65.69407738906564,65.69407738906564,8,8.0,-2.4767940879390764,0,False,False
GRAPEVINE_LeafTraits/An_spxyG70_30_byCultivar_MicroNIR,GRAPEVINE_LeafTraits,An_spxyG70_30_byCultivar_MicroNIR,ridge,compact,"ridge,pls",by_operator,detrend_poly,3,3.6327043889036603,3.657660961675461,3.654451489678757,1,3.0,,1,True,False
GRAPEVINE_LeafTraits/An_spxyG70_30_byCultivar_MicroNIR,GRAPEVINE_LeafTraits,An_spxyG70_30_byCultivar_MicroNIR,ridge,compact,"ridge,pls",by_operator,norris_williams,2,3.665828172332252,3.675827589388109,3.675827589388109,3,4.5,,1,True,False
GRAPEVINE_LeafTraits/An_spxyG70_30_byCultivar_MicroNIR,GRAPEVINE_LeafTraits,An_spxyG70_30_byCultivar_MicroNIR,ridge,compact,"ridge,pls",by_operator,savgol_smooth,3,3.678675132870139,3.7350675939520044,3.6823669205179153,4,5.666666666666667,,1,True,False
GRAPEVINE_LeafTraits/An_spxyG70_30_byCultivar_MicroNIR,GRAPEVINE_LeafTraits,An_spxyG70_30_byCultivar_MicroNIR,ridge,compact,"ridge,pls",by_operator,finite_difference,2,3.8437968233410094,3.8439787759044837,3.8439787759044837,7,7.5,,1,True,False
GRAPEVINE_LeafTraits/An_spxyG70_30_byCultivar_MicroNIR,GRAPEVINE_LeafTraits,An_spxyG70_30_byCultivar_MicroNIR,ridge,compact,"ridge,pls",by_stage_family,baseline,3,3.6327043889036603,3.657660961675461,3.654451489678757,1,3.0,,1,True,False
GRAPEVINE_LeafTraits/An_spxyG70_30_byCultivar_MicroNIR,GRAPEVINE_LeafTraits,An_spxyG70_30_byCultivar_MicroNIR,ridge,compact,"ridge,pls",by_stage_family,derivative,4,3.665828172332252,3.759903182646296,3.764811914892488,3,6.0,,1,True,False
GRAPEVINE_LeafTraits/An_spxyG70_30_byCultivar_MicroNIR,GRAPEVINE_LeafTraits,An_spxyG70_30_byCultivar_MicroNIR,ridge,compact,"ridge,pls",by_stage_family,smooth,3,3.678675132870139,3.7350675939520044,3.6823669205179153,4,5.666666666666667,,1,True,False
GRAPEVINE_LeafTraits/An_spxyG70_30_byCultivar_MicroNIR,GRAPEVINE_LeafTraits,An_spxyG70_30_byCultivar_MicroNIR,ridge,compact,"ridge,pls",by_stage_option,baseline|detrend_poly(1),2,3.6327043889036603,3.6592656976738134,3.6592656976738134,1,3.5,,1,True,False
GRAPEVINE_LeafTraits/An_spxyG70_30_byCultivar_MicroNIR,GRAPEVINE_LeafTraits,An_spxyG70_30_byCultivar_MicroNIR,ridge,compact,"ridge,pls",by_stage_option,baseline|detrend_poly(2),1,3.654451489678757,3.654451489678757,3.654451489678757,2,2.0,,1,True,False
GRAPEVINE_LeafTraits/An_spxyG70_30_byCultivar_MicroNIR,GRAPEVINE_LeafTraits,An_spxyG70_30_byCultivar_MicroNIR,ridge,compact,"ridge,pls",by_stage_option,"derivative|norris_williams(5,5,1)",2,3.665828172332252,3.675827589388109,3.675827589388109,3,4.5,,1,True,False
GRAPEVINE_LeafTraits/An_spxyG70_30_byCultivar_MicroNIR,GRAPEVINE_LeafTraits,An_spxyG70_30_byCultivar_MicroNIR,ridge,compact,"ridge,pls",by_stage_option,"smooth|savgol_smooth(7,2)",1,3.678675132870139,3.678675132870139,3.678675132870139,4,4.0,,1,True,False
GRAPEVINE_LeafTraits/An_spxyG70_30_byCultivar_MicroNIR,GRAPEVINE_LeafTraits,An_spxyG70_30_byCultivar_MicroNIR,ridge,compact,"ridge,pls",by_stage_option,"smooth|savgol_smooth(5,2)",2,3.6823669205179153,3.7632638244929364,3.7632638244929364,5,6.5,,1,True,False
GRAPEVINE_LeafTraits/An_spxyG70_30_byCultivar_MicroNIR,GRAPEVINE_LeafTraits,An_spxyG70_30_byCultivar_MicroNIR,ridge,compact,"ridge,pls",by_stage_option,derivative|finite_difference(1),2,3.8437968233410094,3.8439787759044837,3.8439787759044837,7,7.5,,1,True,False
GRAPEVINE_LeafTraits/An_spxyG70_30_byCultivar_MicroNIR,GRAPEVINE_LeafTraits,An_spxyG70_30_byCultivar_MicroNIR,ridge,compact,"ridge,pls",by_head_stage_option,ridge|baseline|detrend_poly(1),2,3.6327043889036603,3.6592656976738134,3.6592656976738134,1,3.5,,1,True,False
GRAPEVINE_LeafTraits/An_spxyG70_30_byCultivar_MicroNIR,GRAPEVINE_LeafTraits,An_spxyG70_30_byCultivar_MicroNIR,ridge,compact,"ridge,pls",by_head_stage_option,ridge|baseline|detrend_poly(2),1,3.654451489678757,3.654451489678757,3.654451489678757,2,2.0,,1,True,False
GRAPEVINE_LeafTraits/An_spxyG70_30_byCultivar_MicroNIR,GRAPEVINE_LeafTraits,An_spxyG70_30_byCultivar_MicroNIR,ridge,compact,"ridge,pls",by_head_stage_option,"ridge|derivative|norris_williams(5,5,1)",2,3.665828172332252,3.675827589388109,3.675827589388109,3,4.5,,1,True,False
GRAPEVINE_LeafTraits/An_spxyG70_30_byCultivar_MicroNIR,GRAPEVINE_LeafTraits,An_spxyG70_30_byCultivar_MicroNIR,ridge,compact,"ridge,pls",by_head_stage_option,"ridge|smooth|savgol_smooth(7,2)",1,3.678675132870139,3.678675132870139,3.678675132870139,4,4.0,,1,True,False
GRAPEVINE_LeafTraits/An_spxyG70_30_byCultivar_MicroNIR,GRAPEVINE_LeafTraits,An_spxyG70_30_byCultivar_MicroNIR,ridge,compact,"ridge,pls",by_head_stage_option,"ridge|smooth|savgol_smooth(5,2)",1,3.6823669205179153,3.6823669205179153,3.6823669205179153,5,5.0,,1,True,False
GRAPEVINE_LeafTraits/An_spxyG70_30_byCultivar_MicroNIR,GRAPEVINE_LeafTraits,An_spxyG70_30_byCultivar_MicroNIR,ridge,compact,"ridge,pls",by_head_stage_option,pls|derivative|finite_difference(1),2,3.8437968233410094,3.8439787759044837,3.8439787759044837,7,7.5,,1,True,False
GRAPEVINE_LeafTraits/An_spxyG70_30_byCultivar_MicroNIR,GRAPEVINE_LeafTraits,An_spxyG70_30_byCultivar_MicroNIR,ridge,compact,"ridge,pls",by_head_stage_option,"pls|smooth|savgol_smooth(5,2)",1,3.8441607284679575,3.8441607284679575,3.8441607284679575,8,8.0,,1,True,False
MANURE21/All_manure_CaO_SPXY_strat_Manure_type,MANURE21,All_manure_CaO_SPXY_strat_Manure_type,ridge,compact,"ridge,pls",by_operator,identity,2,15.309663393104419,15.532829265626926,15.532829265626926,1,2.5,0.0,1,True,False
MANURE21/All_manure_CaO_SPXY_strat_Manure_type,MANURE21,All_manure_CaO_SPXY_strat_Manure_type,ridge,compact,"ridge,pls",by_operator,savgol_smooth,4,15.34108028525352,15.556971624879488,15.55904944063907,2,4.0,-0.03141689214910137,1,True,False
MANURE21/All_manure_CaO_SPXY_strat_Manure_type,MANURE21,All_manure_CaO_SPXY_strat_Manure_type,ridge,compact,"ridge,pls",by_operator,savgol_derivative,1,16.51725626010545,16.51725626010545,16.51725626010545,7,7.0,-1.2075928670010327,1,True,False
MANURE21/All_manure_CaO_SPXY_strat_Manure_type,MANURE21,All_manure_CaO_SPXY_strat_Manure_type,ridge,compact,"ridge,pls",by_operator,finite_difference,1,16.819731371380726,16.819731371380726,16.819731371380726,8,8.0,-1.5100679782763073,1,True,False
MANURE21/All_manure_CaO_SPXY_strat_Manure_type,MANURE21,All_manure_CaO_SPXY_strat_Manure_type,ridge,compact,"ridge,pls",by_stage_family,identity,2,15.309663393104419,15.532829265626926,15.532829265626926,1,2.5,0.0,1,True,False
MANURE21/All_manure_CaO_SPXY_strat_Manure_type,MANURE21,All_manure_CaO_SPXY_strat_Manure_type,ridge,compact,"ridge,pls",by_stage_family,smooth,4,15.34108028525352,15.556971624879488,15.55904944063907,2,4.0,-0.03141689214910137,1,True,False
MANURE21/All_manure_CaO_SPXY_strat_Manure_type,MANURE21,All_manure_CaO_SPXY_strat_Manure_type,ridge,compact,"ridge,pls",by_stage_family,derivative,2,16.51725626010545,16.66849381574309,16.66849381574309,7,7.5,-1.2075928670010327,1,True,False
MANURE21/All_manure_CaO_SPXY_strat_Manure_type,MANURE21,All_manure_CaO_SPXY_strat_Manure_type,ridge,compact,"ridge,pls",by_stage_option,identity|identity,2,15.309663393104419,15.532829265626926,15.532829265626926,1,2.5,0.0,1,True,False
MANURE21/All_manure_CaO_SPXY_strat_Manure_type,MANURE21,All_manure_CaO_SPXY_strat_Manure_type,ridge,compact,"ridge,pls",by_stage_option,"smooth|savgol_smooth(5,2)",2,15.34108028525352,15.55304092526841,15.55304092526841,2,3.5,-0.03141689214910137,1,True,False
MANURE21/All_manure_CaO_SPXY_strat_Manure_type,MANURE21,All_manure_CaO_SPXY_strat_Manure_type,ridge,compact,"ridge,pls",by_stage_option,"smooth|savgol_smooth(7,2)",2,15.35309731599484,15.560902324490565,15.560902324490565,3,4.5,-0.04343392289042036,1,True,False
MANURE21/All_manure_CaO_SPXY_strat_Manure_type,MANURE21,All_manure_CaO_SPXY_strat_Manure_type,ridge,compact,"ridge,pls",by_stage_option,"derivative|savgol_derivative(11,2,2)",1,16.51725626010545,16.51725626010545,16.51725626010545,7,7.0,-1.2075928670010327,1,True,False
MANURE21/All_manure_CaO_SPXY_strat_Manure_type,MANURE21,All_manure_CaO_SPXY_strat_Manure_type,ridge,compact,"ridge,pls",by_stage_option,derivative|finite_difference(1),1,16.819731371380726,16.819731371380726,16.819731371380726,8,8.0,-1.5100679782763073,1,True,False
MANURE21/All_manure_CaO_SPXY_strat_Manure_type,MANURE21,All_manure_CaO_SPXY_strat_Manure_type,ridge,compact,"ridge,pls",by_head_stage_option,ridge|identity|identity,2,15.309663393104419,15.532829265626926,15.532829265626926,1,2.5,0.0,1,True,False
MANURE21/All_manure_CaO_SPXY_strat_Manure_type,MANURE21,All_manure_CaO_SPXY_strat_Manure_type,ridge,compact,"ridge,pls",by_head_stage_option,"ridge|smooth|savgol_smooth(5,2)",2,15.34108028525352,15.55304092526841,15.55304092526841,2,3.5,-0.03141689214910137,1,True,False
MANURE21/All_manure_CaO_SPXY_strat_Manure_type,MANURE21,All_manure_CaO_SPXY_strat_Manure_type,ridge,compact,"ridge,pls",by_head_stage_option,"ridge|smooth|savgol_smooth(7,2)",2,15.35309731599484,15.560902324490565,15.560902324490565,3,4.5,-0.04343392289042036,1,True,False
MANURE21/All_manure_CaO_SPXY_strat_Manure_type,MANURE21,All_manure_CaO_SPXY_strat_Manure_type,ridge,compact,"ridge,pls",by_head_stage_option,"pls|derivative|savgol_derivative(11,2,2)",1,16.51725626010545,16.51725626010545,16.51725626010545,7,7.0,-1.2075928670010327,1,True,False
MANURE21/All_manure_CaO_SPXY_strat_Manure_type,MANURE21,All_manure_CaO_SPXY_strat_Manure_type,ridge,compact,"ridge,pls",by_head_stage_option,pls|derivative|finite_difference(1),1,16.819731371380726,16.819731371380726,16.819731371380726,8,8.0,-1.5100679782763073,1,True,False
MANURE21/All_manure_P2O5_SPXY_strat_Manure_type,MANURE21,All_manure_P2O5_SPXY_strat_Manure_type,ridge,compact,"ridge,pls",by_operator,identity,2,3.6567277444658592,3.7981721181384756,3.7981721181384756,1,3.0,0.0,1,True,False
MANURE21/All_manure_P2O5_SPXY_strat_Manure_type,MANURE21,All_manure_P2O5_SPXY_strat_Manure_type,ridge,compact,"ridge,pls",by_operator,savgol_smooth,4,3.6769881103051554,4.015728390778772,3.8157827875515085,2,4.75,-0.020260365839296135,1,True,False
MANURE21/All_manure_P2O5_SPXY_strat_Manure_type,MANURE21,All_manure_P2O5_SPXY_strat_Manure_type,ridge,compact,"ridge,pls",by_operator,detrend_poly,1,3.8475772235514683,3.8475772235514683,3.8475772235514683,4,4.0,-0.190849479085609,1,True,False
MANURE21/All_manure_P2O5_SPXY_strat_Manure_type,MANURE21,All_manure_P2O5_SPXY_strat_Manure_type,ridge,compact,"ridge,pls",by_operator,finite_difference,2,4.703992678117742,4.7291762779123285,4.7291762779123285,7,7.5,-1.0472649336518827,1,True,False
MANURE21/All_manure_P2O5_SPXY_strat_Manure_type,MANURE21,All_manure_P2O5_SPXY_strat_Manure_type,ridge,compact,"ridge,pls",by_stage_family,identity,2,3.6567277444658592,3.7981721181384756,3.7981721181384756,1,3.0,0.0,1,True,False
MANURE21/All_manure_P2O5_SPXY_strat_Manure_type,MANURE21,All_manure_P2O5_SPXY_strat_Manure_type,ridge,compact,"ridge,pls",by_stage_family,smooth,4,3.6769881103051554,4.015728390778772,3.8157827875515085,2,4.75,-0.020260365839296135,1,True,False
MANURE21/All_manure_P2O5_SPXY_strat_Manure_type,MANURE21,All_manure_P2O5_SPXY_strat_Manure_type,ridge,compact,"ridge,pls",by_stage_family,baseline,1,3.8475772235514683,3.8475772235514683,3.8475772235514683,4,4.0,-0.190849479085609,1,True,False
MANURE21/All_manure_P2O5_SPXY_strat_Manure_type,MANURE21,All_manure_P2O5_SPXY_strat_Manure_type,ridge,compact,"ridge,pls",by_stage_family,derivative,2,4.703992678117742,4.7291762779123285,4.7291762779123285,7,7.5,-1.0472649336518827,1,True,False
MANURE21/All_manure_P2O5_SPXY_strat_Manure_type,MANURE21,All_manure_P2O5_SPXY_strat_Manure_type,ridge,compact,"ridge,pls",by_stage_option,identity|identity,2,3.6567277444658592,3.7981721181384756,3.7981721181384756,1,3.0,0.0,1,True,False
MANURE21/All_manure_P2O5_SPXY_strat_Manure_type,MANURE21,All_manure_P2O5_SPXY_strat_Manure_type,ridge,compact,"ridge,pls",by_stage_option,"smooth|savgol_smooth(5,2)",3,3.6769881103051554,4.125288527967868,3.944517595891533,2,5.333333333333333,-0.020260365839296135,1,True,False
MANURE21/All_manure_P2O5_SPXY_strat_Manure_type,MANURE21,All_manure_P2O5_SPXY_strat_Manure_type,ridge,compact,"ridge,pls",by_stage_option,"smooth|savgol_smooth(7,2)",1,3.687047979211484,3.687047979211484,3.687047979211484,3,3.0,-0.03032023474562484,1,True,False
MANURE21/All_manure_P2O5_SPXY_strat_Manure_type,MANURE21,All_manure_P2O5_SPXY_strat_Manure_type,ridge,compact,"ridge,pls",by_stage_option,baseline|detrend_poly(1),1,3.8475772235514683,3.8475772235514683,3.8475772235514683,4,4.0,-0.190849479085609,1,True,False
MANURE21/All_manure_P2O5_SPXY_strat_Manure_type,MANURE21,All_manure_P2O5_SPXY_strat_Manure_type,ridge,compact,"ridge,pls",by_stage_option,derivative|finite_difference(1),2,4.703992678117742,4.7291762779123285,4.7291762779123285,7,7.5,-1.0472649336518827,1,True,False
MANURE21/All_manure_P2O5_SPXY_strat_Manure_type,MANURE21,All_manure_P2O5_SPXY_strat_Manure_type,ridge,compact,"ridge,pls",by_head_stage_option,ridge|identity|identity,2,3.6567277444658592,3.7981721181384756,3.7981721181384756,1,3.0,0.0,1,True,False
MANURE21/All_manure_P2O5_SPXY_strat_Manure_type,MANURE21,All_manure_P2O5_SPXY_strat_Manure_type,ridge,compact,"ridge,pls",by_head_stage_option,"ridge|smooth|savgol_smooth(5,2)",2,3.6769881103051554,3.810752853098344,3.810752853098344,2,4.0,-0.020260365839296135,1,True,False
MANURE21/All_manure_P2O5_SPXY_strat_Manure_type,MANURE21,All_manure_P2O5_SPXY_strat_Manure_type,ridge,compact,"ridge,pls",by_head_stage_option,"ridge|smooth|savgol_smooth(7,2)",1,3.687047979211484,3.687047979211484,3.687047979211484,3,3.0,-0.03032023474562484,1,True,False
MANURE21/All_manure_P2O5_SPXY_strat_Manure_type,MANURE21,All_manure_P2O5_SPXY_strat_Manure_type,ridge,compact,"ridge,pls",by_head_stage_option,ridge|baseline|detrend_poly(1),1,3.8475772235514683,3.8475772235514683,3.8475772235514683,4,4.0,-0.190849479085609,1,True,False
MANURE21/All_manure_P2O5_SPXY_strat_Manure_type,MANURE21,All_manure_P2O5_SPXY_strat_Manure_type,ridge,compact,"ridge,pls",by_head_stage_option,pls|derivative|finite_difference(1),2,4.703992678117742,4.7291762779123285,4.7291762779123285,7,7.5,-1.0472649336518827,1,True,False
MANURE21/All_manure_P2O5_SPXY_strat_Manure_type,MANURE21,All_manure_P2O5_SPXY_strat_Manure_type,ridge,compact,"ridge,pls",by_head_stage_option,"pls|smooth|savgol_smooth(5,2)",1,4.754359877706915,4.754359877706915,4.754359877706915,8,8.0,-1.097632133241056,1,True,False
WOOD_density/WOOD_N_402_Olale,WOOD_density,WOOD_N_402_Olale,ridge,compact,"ridge,pls",by_operator,detrend_poly,4,0.04623582177979116,0.04981777312250909,0.04858627143690307,1,4.25,0.00036316806871976304,1,True,False
WOOD_density/WOOD_N_402_Olale,WOOD_density,WOOD_N_402_Olale,ridge,compact,"ridge,pls",by_operator,savgol_smooth,2,0.04659466628518472,0.04659611170149394,0.04659611170149394,3,3.5,4.323563326198709e-06,1,True,False
WOOD_density/WOOD_N_402_Olale,WOOD_density,WOOD_N_402_Olale,ridge,compact,"ridge,pls",by_operator,identity,1,0.04659898984851092,0.04659898984851092,0.04659898984851092,5,5.0,0.0,1,True,False
WOOD_density/WOOD_N_402_Olale,WOOD_density,WOOD_N_402_Olale,ridge,compact,"ridge,pls",by_operator,norris_williams,1,0.050658792491035165,0.050658792491035165,0.050658792491035165,6,6.0,-0.004059802642524243,1,True,False
WOOD_density/WOOD_N_402_Olale,WOOD_density,WOOD_N_402_Olale,ridge,compact,"ridge,pls",by_operator,savgol_derivative,2,0.053393904074646295,0.05462831595554268,0.05462831595554268,7,7.5,-0.0067949142261353734,1,True,False
WOOD_density/WOOD_N_402_Olale,WOOD_density,WOOD_N_402_Olale,ridge,compact,"ridge,pls",by_stage_family,baseline,4,0.04623582177979116,0.04981777312250909,0.04858627143690307,1,4.25,0.00036316806871976304,1,True,False
WOOD_density/WOOD_N_402_Olale,WOOD_density,WOOD_N_402_Olale,ridge,compact,"ridge,pls",by_stage_family,smooth,2,0.04659466628518472,0.04659611170149394,0.04659611170149394,3,3.5,4.323563326198709e-06,1,True,False
WOOD_density/WOOD_N_402_Olale,WOOD_density,WOOD_N_402_Olale,ridge,compact,"ridge,pls",by_stage_family,identity,1,0.04659898984851092,0.04659898984851092,0.04659898984851092,5,5.0,0.0,1,True,False
WOOD_density/WOOD_N_402_Olale,WOOD_density,WOOD_N_402_Olale,ridge,compact,"ridge,pls",by_stage_family,derivative,3,0.050658792491035165,0.05330514146737351,0.053393904074646295,6,7.0,-0.004059802642524243,1,True,False
WOOD_density/WOOD_N_402_Olale,WOOD_density,WOOD_N_402_Olale,ridge,compact,"ridge,pls",by_stage_option,baseline|detrend_poly(1),3,0.04623582177979116,0.05091911403575513,0.050658792491035165,1,5.0,0.00036316806871976304,1,True,False
WOOD_density/WOOD_N_402_Olale,WOOD_density,WOOD_N_402_Olale,ridge,compact,"ridge,pls",by_stage_option,baseline|detrend_poly(2),1,0.04651375038277097,0.04651375038277097,0.04651375038277097,2,2.0,8.523946573995439e-05,1,True,False
WOOD_density/WOOD_N_402_Olale,WOOD_density,WOOD_N_402_Olale,ridge,compact,"ridge,pls",by_stage_option,"smooth|savgol_smooth(7,2)",1,0.04659466628518472,0.04659466628518472,0.04659466628518472,3,3.0,4.323563326198709e-06,1,True,False
WOOD_density/WOOD_N_402_Olale,WOOD_density,WOOD_N_402_Olale,ridge,compact,"ridge,pls",by_stage_option,"smooth|savgol_smooth(5,2)",1,0.04659755711780317,0.04659755711780317,0.04659755711780317,4,4.0,1.4327307077538487e-06,1,True,False
WOOD_density/WOOD_N_402_Olale,WOOD_density,WOOD_N_402_Olale,ridge,compact,"ridge,pls",by_stage_option,identity|identity,1,0.04659898984851092,0.04659898984851092,0.04659898984851092,5,5.0,0.0,1,True,False
WOOD_density/WOOD_N_402_Olale,WOOD_density,WOOD_N_402_Olale,ridge,compact,"ridge,pls",by_stage_option,"derivative|norris_williams(5,5,1)",1,0.050658792491035165,0.050658792491035165,0.050658792491035165,6,6.0,-0.004059802642524243,1,True,False
WOOD_density/WOOD_N_402_Olale,WOOD_density,WOOD_N_402_Olale,ridge,compact,"ridge,pls",by_stage_option,"derivative|savgol_derivative(11,2,2)",1,0.053393904074646295,0.053393904074646295,0.053393904074646295,7,7.0,-0.0067949142261353734,1,True,False
WOOD_density/WOOD_N_402_Olale,WOOD_density,WOOD_N_402_Olale,ridge,compact,"ridge,pls",by_stage_option,"derivative|savgol_derivative(7,2,1)",1,0.055862727836439065,0.055862727836439065,0.055862727836439065,8,8.0,-0.009263737987928143,1,True,False
WOOD_density/WOOD_N_402_Olale,WOOD_density,WOOD_N_402_Olale,ridge,compact,"ridge,pls",by_head_stage_option,ridge|baseline|detrend_poly(1),2,0.04623582177979116,0.04844730713541316,0.04844730713541316,1,3.5,0.00036316806871976304,1,True,False
WOOD_density/WOOD_N_402_Olale,WOOD_density,WOOD_N_402_Olale,ridge,compact,"ridge,pls",by_head_stage_option,ridge|baseline|detrend_poly(2),1,0.04651375038277097,0.04651375038277097,0.04651375038277097,2,2.0,8.523946573995439e-05,1,True,False
WOOD_density/WOOD_N_402_Olale,WOOD_density,WOOD_N_402_Olale,ridge,compact,"ridge,pls",by_head_stage_option,"ridge|smooth|savgol_smooth(7,2)",1,0.04659466628518472,0.04659466628518472,0.04659466628518472,3,3.0,4.323563326198709e-06,1,True,False
WOOD_density/WOOD_N_402_Olale,WOOD_density,WOOD_N_402_Olale,ridge,compact,"ridge,pls",by_head_stage_option,"ridge|smooth|savgol_smooth(5,2)",1,0.04659755711780317,0.04659755711780317,0.04659755711780317,4,4.0,1.4327307077538487e-06,1,True,False
WOOD_density/WOOD_N_402_Olale,WOOD_density,WOOD_N_402_Olale,ridge,compact,"ridge,pls",by_head_stage_option,ridge|identity|identity,1,0.04659898984851092,0.04659898984851092,0.04659898984851092,5,5.0,0.0,1,True,False
WOOD_density/WOOD_N_402_Olale,WOOD_density,WOOD_N_402_Olale,ridge,compact,"ridge,pls",by_head_stage_option,"ridge|derivative|norris_williams(5,5,1)",1,0.050658792491035165,0.050658792491035165,0.050658792491035165,6,6.0,-0.004059802642524243,1,True,False
WOOD_density/WOOD_N_402_Olale,WOOD_density,WOOD_N_402_Olale,ridge,compact,"ridge,pls",by_head_stage_option,"pls|derivative|savgol_derivative(11,2,2)",1,0.053393904074646295,0.053393904074646295,0.053393904074646295,7,7.0,-0.0067949142261353734,1,True,False
WOOD_density/WOOD_N_402_Olale,WOOD_density,WOOD_N_402_Olale,ridge,compact,"ridge,pls",by_head_stage_option,pls|baseline|detrend_poly(1),1,0.055862727836439065,0.055862727836439065,0.055862727836439065,8,8.0,-0.009263737987928143,1,True,False
WOOD_density/WOOD_N_402_Olale,WOOD_density,WOOD_N_402_Olale,ridge,compact,"ridge,pls",by_head_stage_option,"pls|derivative|savgol_derivative(7,2,1)",1,0.055862727836439065,0.055862727836439065,0.055862727836439065,8,8.0,-0.009263737987928143,1,True,False
